baseCurrency,date,close
00,2025-10-11 00:00:00-04:00,0.0109
1000cat,2025-10-11 00:00:00-04:00,0.00561
1000cat,2025-10-11 00:00:00-04:00,0.00559
1000cheems,2025-10-11 00:00:00-04:00,0.001498
1000cheems,2025-10-11 00:00:00-04:00,0.001496
1000sats,2025-10-11 00:00:00-04:00,2.436e-05
1000sats,2025-10-11 00:00:00-04:00,2.433e-05
1inch,2025-10-11 00:00:00-04:00,0.179
1inch,2025-10-11 00:00:00-04:00,0.1793252210707714
1mbabydoge,2025-10-11 00:00:00-04:00,0.001026
1mbabydoge,2025-10-11 00:00:00-04:00,0.0010213
3crv,2025-10-11 00:00:00-04:00,1.0398172375383312
3crv,2025-10-11 00:00:00-04:00,1.03992756915474
3crv,2025-10-11 00:00:00-04:00,1.03880516580165
a8,2025-10-11 00:00:00-04:00,0.0592
aave3l,2025-10-11 00:00:00-04:00,0.00980272
aave:,2025-10-11 00:00:00-04:00,234.71
aave,2025-10-11 00:00:00-04:00,234.56950302822878
aave,2025-10-11 00:00:00-04:00,234.61982804332467
aave,2025-10-11 00:00:00-04:00,234.3714760516214
abbc,2025-10-11 00:00:00-04:00,0.005049
abt,2025-10-11 00:00:00-04:00,0.5417
aca,2025-10-11 00:00:00-04:00,0.01776
aca,2025-10-11 00:00:00-04:00,0.01781840069043192
ace,2025-10-11 00:00:00-04:00,0.2980382677465325
ach,2025-10-11 00:00:00-04:00,0.012542
ach,2025-10-11 00:00:00-04:00,0.01255
ach,2025-10-11 00:00:00-04:00,0.012560253793019564
acm,2025-10-11 00:00:00-04:00,0.6736410948342328
acq,2025-10-11 00:00:00-04:00,0.002381
acs,2025-10-11 00:00:00-04:00,0.0006031
acs,2025-10-11 00:00:00-04:00,0.0005996
actsol,2025-10-11 00:00:00-04:00,0.02064
act,2025-10-11 00:00:00-04:00,0.02039
act,2025-10-11 00:00:00-04:00,0.0207
act,2025-10-11 00:00:00-04:00,0.020652996528245655
acx,2025-10-11 00:00:00-04:00,0.0793
acx,2025-10-11 00:00:00-04:00,0.0793
acx,2025-10-11 00:00:00-04:00,0.0793740595629581
ada3l,2025-10-11 00:00:00-04:00,6.607e-05
ada3s,2025-10-11 00:00:00-04:00,1.659e-05
ada,2025-10-11 00:00:00-04:00,0.6323994122626057
ada,2025-10-11 00:00:00-04:00,0.6323004846287523
ada,2025-10-11 00:00:00-04:00,0.6316623277010075
adx,2025-10-11 00:00:00-04:00,0.09416
adx,2025-10-11 00:00:00-04:00,0.0947
adx,2025-10-11 00:00:00-04:00,0.09450220702775827
aeg,2025-10-11 00:00:00-04:00,0.00032
aergo,2025-10-11 00:00:00-04:00,0.0723
aergo,2025-10-11 00:00:00-04:00,0.07233847077977347
aero,2025-10-11 00:00:00-04:00,0.7824
aero,2025-10-11 00:00:00-04:00,0.7810222592507688
aero,2025-10-11 00:00:00-04:00,0.7815520061033057
aeur,2025-10-11 00:00:00-04:00,1.0351
aevo,2025-10-11 00:00:00-04:00,0.0626
aevo,2025-10-11 00:00:00-04:00,0.062322335404935536
afg,2025-10-11 00:00:00-04:00,0.006557559115481082
ageur,2025-10-11 00:00:00-04:00,1.148853924970514
agld,2025-10-11 00:00:00-04:00,0.3983
agld,2025-10-11 00:00:00-04:00,0.3976050884239746
ai16z,2025-10-11 00:00:00-04:00,0.0521
ai16z,2025-10-11 00:00:00-04:00,0.05198
ai16z,2025-10-11 00:00:00-04:00,0.05208425264563363
aioz,2025-10-11 00:00:00-04:00,0.2113
aioz,2025-10-11 00:00:00-04:00,0.21109807114948628
aipad,2025-10-11 00:00:00-04:00,0.00815
aipump,2025-10-11 00:00:00-04:00,0.000547
air,2025-10-11 00:00:00-04:00,0.00244
aitech,2025-10-11 00:00:00-04:00,0.02847495764023949
ai,2025-10-11 00:00:00-04:00,0.07560385144850174
aixbt,2025-10-11 00:00:00-04:00,0.056
aixbt,2025-10-11 00:00:00-04:00,0.05596
aixbt,2025-10-11 00:00:00-04:00,0.05585553365774024
akt,2025-10-11 00:00:00-04:00,0.736
akt,2025-10-11 00:00:00-04:00,0.7322137975259081
alch,2025-10-11 00:00:00-04:00,0.06561
alcx,2025-10-11 00:00:00-04:00,7.3
alcx,2025-10-11 00:00:00-04:00,7.300000000000001
aleo,2025-10-11 00:00:00-04:00,0.277
aleph,2025-10-11 00:00:00-04:00,0.054
aleph,2025-10-11 00:00:00-04:00,0.05432
alex,2025-10-11 00:00:00-04:00,0.00401
algo,2025-10-11 00:00:00-04:00,0.1821
algo,2025-10-11 00:00:00-04:00,0.18196451921374182
algo,2025-10-11 00:00:00-04:00,0.18170905033952825
alg,2025-10-11 00:00:00-04:00,0.1797
alice,2025-10-11 00:00:00-04:00,0.277
alice,2025-10-11 00:00:00-04:00,0.27632236358207873
alpaca,2025-10-11 00:00:00-04:00,0.01154
alpha,2025-10-11 00:00:00-04:00,0.01124
alpha,2025-10-11 00:00:00-04:00,0.011170975031084215
alpine,2025-10-11 00:00:00-04:00,0.9036298693890266
alp,2025-10-11 00:00:00-04:00,1.0025083493019729
alt,2025-10-11 00:00:00-04:00,0.01952922499874913
alt,2025-10-11 00:00:00-04:00,0.0195
alt,2025-10-11 00:00:00-04:00,0.01911132275626219
alusd,2025-10-11 00:00:00-04:00,0.9936989509260452
alu,2025-10-11 00:00:00-04:00,0.01667325500402384
ampl,2025-10-11 00:00:00-04:00,1.1464
amp,2025-10-11 00:00:00-04:00,0.00245
amp,2025-10-11 00:00:00-04:00,0.0024490267612229657
anime,2025-10-11 00:00:00-04:00,0.00898
anime,2025-10-11 00:00:00-04:00,0.00897861885966287
ankr,2025-10-11 00:00:00-04:00,0.01019
ankr,2025-10-11 00:00:00-04:00,0.01018698679886874
anlog,2025-10-11 00:00:00-04:00,0.00074
anlog,2025-10-11 00:00:00-04:00,0.0007258792578618578
anon,2025-10-11 00:00:00-04:00,0.852
ansem,2025-10-11 00:00:00-04:00,7.1886110659893205
anyone,2025-10-11 00:00:00-04:00,0.500029315628192
ape3l,2025-10-11 00:00:00-04:00,3.817e-05
ape3s,2025-10-11 00:00:00-04:00,0.01349
apenft,2025-10-11 00:00:00-04:00,4.23e-07
ape,2025-10-11 00:00:00-04:00,0.365939729218814
ape,2025-10-11 00:00:00-04:00,0.3656
ape,2025-10-11 00:00:00-04:00,0.36573562646516866
api3,2025-10-11 00:00:00-04:00,0.595
api3,2025-10-11 00:00:00-04:00,0.5942
api3,2025-10-11 00:00:00-04:00,0.5941212976492216
app,2025-10-11 00:00:00-04:00,0.0015754604956088882
apt,2025-10-11 00:00:00-04:00,3.65
apt,2025-10-11 00:00:00-04:00,3.6490227860935462
apt,2025-10-11 00:00:00-04:00,3.6443738553916547
apu,2025-10-11 00:00:00-04:00,0.0001127
apu,2025-10-11 00:00:00-04:00,0.00011325
arb3l,2025-10-11 00:00:00-04:00,0.1014
arb3s,2025-10-11 00:00:00-04:00,0.0888
arb,2025-10-11 00:00:00-04:00,0.30200000000000005
arb,2025-10-11 00:00:00-04:00,0.3022065864874581
arb,2025-10-11 00:00:00-04:00,0.30175132656558357
arca,2025-10-11 00:00:00-04:00,0.01208
arcsol,2025-10-11 00:00:00-04:00,0.01195
arc,2025-10-11 00:00:00-04:00,0.01491
arc,2025-10-11 00:00:00-04:00,0.0119
ardr,2025-10-11 00:00:00-04:00,0.06660632043762135
arkm,2025-10-11 00:00:00-04:00,0.3297
arkm,2025-10-11 00:00:00-04:00,0.331
arkm,2025-10-11 00:00:00-04:00,0.33014297668068054
ark,2025-10-11 00:00:00-04:00,0.3520267206882753
arpa,2025-10-11 00:00:00-04:00,0.0158
arpa,2025-10-11 00:00:00-04:00,0.015713185759300898
arrr,2025-10-11 00:00:00-04:00,0.4196
artfi,2025-10-11 00:00:00-04:00,0.003185
arty,2025-10-11 00:00:00-04:00,0.28154429081807725
ar,2025-10-11 00:00:00-04:00,4.04
ar,2025-10-11 00:00:00-04:00,4.04
ar,2025-10-11 00:00:00-04:00,4.027315415433712
asi,2025-10-11 00:00:00-04:00,0.0028855565013208104
asm,2025-10-11 00:00:00-04:00,0.01494
asr,2025-10-11 00:00:00-04:00,1.57
astra,2025-10-11 00:00:00-04:00,0.0011327
astr,2025-10-11 00:00:00-04:00,0.01864
astr,2025-10-11 00:00:00-04:00,0.01865930105794533
ast,2025-10-11 00:00:00-04:00,0.0228
ast,2025-10-11 00:00:00-04:00,0.006032
ata,2025-10-11 00:00:00-04:00,0.0278
ath,2025-10-11 00:00:00-04:00,0.04210519968827843
ath,2025-10-11 00:00:00-04:00,0.04204064969643986
atlas,2025-10-11 00:00:00-04:00,0.000573
atlas,2025-10-11 00:00:00-04:00,0.0005744203024032473
atlas,2025-10-11 00:00:00-04:00,0.000575
atm,2025-10-11 00:00:00-04:00,1.2012388842520398
atom3l,2025-10-11 00:00:00-04:00,0.00047871
atom3s,2025-10-11 00:00:00-04:00,0.2546
atom,2025-10-11 00:00:00-04:00,3.144
atom,2025-10-11 00:00:00-04:00,3.14469734646162
atom,2025-10-11 00:00:00-04:00,3.1428930630139447
ato,2025-10-11 00:00:00-04:00,3.1538
auction,2025-10-11 00:00:00-04:00,5.69
auction,2025-10-11 00:00:00-04:00,5.69
auction,2025-10-11 00:00:00-04:00,5.677899439424027
audio,2025-10-11 00:00:00-04:00,0.0411
audio,2025-10-11 00:00:00-04:00,0.04119372665281406
aud,2025-10-11 00:00:00-04:00,0.64393
aura,2025-10-11 00:00:00-04:00,0.007777
aurora,2025-10-11 00:00:00-04:00,0.0606
aurora,2025-10-11 00:00:00-04:00,0.06024427212539031
ausd,2025-10-11 00:00:00-04:00,0.997997121535394
avaai,2025-10-11 00:00:00-04:00,0.01258
avaai,2025-10-11 00:00:00-04:00,0.012483400267401603
avail,2025-10-11 00:00:00-04:00,0.009019863080614917
ava,2025-10-11 00:00:00-04:00,0.3386069273178228
avax3l,2025-10-11 00:00:00-04:00,0.00126476
avax3s,2025-10-11 00:00:00-04:00,0.0915
avax:,2025-10-11 00:00:00-04:00,21.464
avax,2025-10-11 00:00:00-04:00,21.479243903382567
avax,2025-10-11 00:00:00-04:00,21.480062190938657
avax,2025-10-11 00:00:00-04:00,21.45307699706244
avt,2025-10-11 00:00:00-04:00,1.19
avusd,2025-10-11 00:00:00-04:00,0.9999186068817312
avusd,2025-10-11 00:00:00-04:00,0.999644856307132
axl,2025-10-11 00:00:00-04:00,0.1941
axl,2025-10-11 00:00:00-04:00,0.19374188742095755
axs,2025-10-11 00:00:00-04:00,1.526
axs,2025-10-11 00:00:00-04:00,1.5222754801973908
azero,2025-10-11 00:00:00-04:00,0.01902
b2,2025-10-11 00:00:00-04:00,1.1752040259268028
b3,2025-10-11 00:00:00-04:00,0.001683
b3,2025-10-11 00:00:00-04:00,0.001681
babybnb,2025-10-11 00:00:00-04:00,0.00115
babydoge,2025-10-11 00:00:00-04:00,1.0224679602176164e-09
babyshark,2025-10-11 00:00:00-04:00,0.001281502833041741
baby,2025-10-11 00:00:00-04:00,0.0316
baby,2025-10-11 00:00:00-04:00,0.03161
baby,2025-10-11 00:00:00-04:00,0.03156245389499493
badger,2025-10-11 00:00:00-04:00,0.82
badger,2025-10-11 00:00:00-04:00,0.8199564278351628
bake,2025-10-11 00:00:00-04:00,0.01302
bal,2025-10-11 00:00:00-04:00,0.9553
bal,2025-10-11 00:00:00-04:00,0.9550573540452466
bananas31,2025-10-11 00:00:00-04:00,0.002689
bananas31,2025-10-11 00:00:00-04:00,0.002662
bananas31,2025-10-11 00:00:00-04:00,0.0026611089752064956
banana,2025-10-11 00:00:00-04:00,12.46
banana,2025-10-11 00:00:00-04:00,12.515355536817726
band,2025-10-11 00:00:00-04:00,0.481
band,2025-10-11 00:00:00-04:00,0.48296802529344657
ban,2025-10-11 00:00:00-04:00,0.05303926378992949
bar,2025-10-11 00:00:00-04:00,0.8062468586387435
based,2025-10-11 00:00:00-04:00,0.0007597983928302702
bat,2025-10-11 00:00:00-04:00,0.13822
bat,2025-10-11 00:00:00-04:00,0.1379722155541022
bax,2025-10-11 00:00:00-04:00,1.63e-05
bbadai2,2025-10-11 00:00:00-04:00,1.00030123496602
bbausdc2,2025-10-11 00:00:00-04:00,1.00011257253681
bbausdt2,2025-10-11 00:00:00-04:00,0.999516458167816
bbsol,2025-10-11 00:00:00-04:00,197.29
bbsol,2025-10-11 00:00:00-04:00,196.209547550432
bb,2025-10-11 00:00:00-04:00,0.1081
bb,2025-10-11 00:00:00-04:00,0.10809246878766167
bchn:,2025-10-11 00:00:00-04:00,505.53
bchsv,2025-10-11 00:00:00-04:00,27.37
bch,2025-10-11 00:00:00-04:00,500.6534379047169
bch,2025-10-11 00:00:00-04:00,500.5669228495418
bch,2025-10-11 00:00:00-04:00,500.05993318736483
bcspx,2025-10-11 00:00:00-04:00,696.903052625
bcut,2025-10-11 00:00:00-04:00,0.01163
bdp,2025-10-11 00:00:00-04:00,0.02056
bdx,2025-10-11 00:00:00-04:00,0.07961
beam,2025-10-11 00:00:00-04:00,0.03586
beamx,2025-10-11 00:00:00-04:00,0.00596
beamx,2025-10-11 00:00:00-04:00,0.00596
beamx,2025-10-11 00:00:00-04:00,0.005958880088006911
beat,2025-10-11 00:00:00-04:00,2.88e-05
beer,2025-10-11 00:00:00-04:00,2.805e-06
befi,2025-10-11 00:00:00-04:00,0.00319
bel,2025-10-11 00:00:00-04:00,0.21619195839794497
bepro,2025-10-11 00:00:00-04:00,9.72e-05
bera,2025-10-11 00:00:00-04:00,1.777
bera,2025-10-11 00:00:00-04:00,1.7768652649080474
bera,2025-10-11 00:00:00-04:00,1.7745526291501292
beth,2025-10-11 00:00:00-04:00,3712.5892229500673
bfc,2025-10-11 00:00:00-04:00,0.03035
bgb,2025-10-11 00:00:00-04:00,4.72
bgb,2025-10-11 00:00:00-04:00,4.715011199700605
bico,2025-10-11 00:00:00-04:00,0.0629
bico,2025-10-11 00:00:00-04:00,0.06265108774393419
bifi2,2025-10-11 00:00:00-04:00,145.52373243738546
bigtime,2025-10-11 00:00:00-04:00,0.03258
bigtime,2025-10-11 00:00:00-04:00,0.03257
bigtime,2025-10-11 00:00:00-04:00,0.03249111408908161
bio,2025-10-11 00:00:00-04:00,0.08194
bio,2025-10-11 00:00:00-04:00,0.0818
bio,2025-10-11 00:00:00-04:00,0.08177940023234272
bit,2025-10-11 00:00:00-04:00,1.6429
blast,2025-10-11 00:00:00-04:00,0.00148
blast,2025-10-11 00:00:00-04:00,0.0014762377728495184
block,2025-10-11 00:00:00-04:00,0.001484756392982554
blok,2025-10-11 00:00:00-04:00,0.0001583
blue,2025-10-11 00:00:00-04:00,0.07389957398975215
blur,2025-10-11 00:00:00-04:00,0.0494
blur,2025-10-11 00:00:00-04:00,0.04953
blur,2025-10-11 00:00:00-04:00,0.049403839871685125
blz,2025-10-11 00:00:00-04:00,0.025627528609606536
blz,2025-10-11 00:00:00-04:00,0.02578
bmt,2025-10-11 00:00:00-04:00,0.04014
bmt,2025-10-11 00:00:00-04:00,0.04039
bmt,2025-10-11 00:00:00-04:00,0.040891258875936726
bmx,2025-10-11 00:00:00-04:00,0.4528
bnb3l,2025-10-11 00:00:00-04:00,0.3647
bnb3s,2025-10-11 00:00:00-04:00,1.598e-05
bnb,2025-10-11 00:00:00-04:00,1136.139999007412
bnb,2025-10-11 00:00:00-04:00,1136.0252124737533
bnb,2025-10-11 00:00:00-04:00,1135.1735018404243
bnc,2025-10-11 00:00:00-04:00,0.0887
bnc,2025-10-11 00:00:00-04:00,0.08829568129462433
bnsol,2025-10-11 00:00:00-04:00,188.9
bnt,2025-10-11 00:00:00-04:00,0.5739
bnt,2025-10-11 00:00:00-04:00,0.5751866829147126
boba,2025-10-11 00:00:00-04:00,0.0735
boba,2025-10-11 00:00:00-04:00,0.07308871804648764
bobmeme,2025-10-11 00:00:00-04:00,4.138e-06
bob,2025-10-11 00:00:00-04:00,4.075e-06
boden,2025-10-11 00:00:00-04:00,0.001948
bome,2025-10-11 00:00:00-04:00,0.001012
bome,2025-10-11 00:00:00-04:00,0.001011238179582658
bond,2025-10-11 00:00:00-04:00,0.1351
bond,2025-10-11 00:00:00-04:00,0.13689712094949336
bond,2025-10-11 00:00:00-04:00,0.13729089722667162
bone,2025-10-11 00:00:00-04:00,0.11399332967635764
bonk,2025-10-11 00:00:00-04:00,1.354e-05
bonk,2025-10-11 00:00:00-04:00,1.352e-05
bonk,2025-10-11 00:00:00-04:00,1.3519247096275086e-05
boo,2025-10-11 00:00:00-04:00,0.09842
boson,2025-10-11 00:00:00-04:00,0.0695
brawl,2025-10-11 00:00:00-04:00,1.61e-05
brett,2025-10-11 00:00:00-04:00,0.029898721533278383
brick,2025-10-11 00:00:00-04:00,0.01333
brise,2025-10-11 00:00:00-04:00,4.4433304141811615e-08
broccoli714,2025-10-11 00:00:00-04:00,0.02388
broccoli714,2025-10-11 00:00:00-04:00,0.02387
broccoli,2025-10-11 00:00:00-04:00,0.023841048479725614
br,2025-10-11 00:00:00-04:00,0.05736
bsol,2025-10-11 00:00:00-04:00,222.30920939652268
bsv,2025-10-11 00:00:00-04:00,21.599695569520634
bsw,2025-10-11 00:00:00-04:00,0.005614238665745038
bsx,2025-10-11 00:00:00-04:00,3.31e-05
btcbavax,2025-10-11 00:00:00-04:00,110689.05305884326
btcbavax,2025-10-11 00:00:00-04:00,110710.78514439
btcbin,2025-10-11 00:00:00-04:00,110764.71109666413
btcbin,2025-10-11 00:00:00-04:00,110641.11251820641
btc,2025-10-11 00:00:00-04:00,110888.44477648128
btc,2025-10-11 00:00:00-04:00,110776.05307764091
btc,2025-10-11 00:00:00-04:00,110639.31958244741
btrst,2025-10-11 00:00:00-04:00,0.14
bts,2025-10-11 00:00:00-04:00,0.0011435
bttc,2025-10-11 00:00:00-04:00,5.2e-07
bttc,2025-10-11 00:00:00-04:00,5.067e-07
bttc,2025-10-11 00:00:00-04:00,5.087876805985121e-07
btt,2025-10-11 00:00:00-04:00,5.08e-07
bubb,2025-10-11 00:00:00-04:00,0.0014681756975511617
buddy,2025-10-11 00:00:00-04:00,0.002177
busd,2025-10-11 00:00:00-04:00,1.0016206310359095
busd,2025-10-11 00:00:00-04:00,1.0005695053023178
busd,2025-10-11 00:00:00-04:00,1.0004556755212115
butthole,2025-10-11 00:00:00-04:00,0.001885
butthole,2025-10-11 00:00:00-04:00,0.001894
buzz,2025-10-11 00:00:00-04:00,0.002711
c98,2025-10-11 00:00:00-04:00,0.0348
c98,2025-10-11 00:00:00-04:00,0.034697951190160635
cake,2025-10-11 00:00:00-04:00,2.65
cake,2025-10-11 00:00:00-04:00,2.649
cake,2025-10-11 00:00:00-04:00,2.6480814292131103
canto,2025-10-11 00:00:00-04:00,0.00458
carv,2025-10-11 00:00:00-04:00,0.19827990816439675
cas,2025-10-11 00:00:00-04:00,0.000964
cati,2025-10-11 00:00:00-04:00,0.0808
cati,2025-10-11 00:00:00-04:00,0.08099054771979766
cats,2025-10-11 00:00:00-04:00,9.32e-07
cat,2025-10-11 00:00:00-04:00,5.579e-06
cat,2025-10-11 00:00:00-04:00,5.581276216530257e-06
catwifmask,2025-10-11 00:00:00-04:00,0.00222758604787427
cbbtc,2025-10-11 00:00:00-04:00,112322.06257967232
cbbtc,2025-10-11 00:00:00-04:00,110748.63436875564
cbeth,2025-10-11 00:00:00-04:00,4114.78
ccd,2025-10-11 00:00:00-04:00,0.01598
cdai,2025-10-11 00:00:00-04:00,0.024941460184651154
ceek,2025-10-11 00:00:00-04:00,0.006439725429733631
celo,2025-10-11 00:00:00-04:00,0.28
celo,2025-10-11 00:00:00-04:00,0.2798157581820133
celr,2025-10-11 00:00:00-04:00,0.00511
celr,2025-10-11 00:00:00-04:00,0.005089751103851522
cel,2025-10-11 00:00:00-04:00,0.04229
cere,2025-10-11 00:00:00-04:00,0.0005432
cetus,2025-10-11 00:00:00-04:00,0.0459
cetus,2025-10-11 00:00:00-04:00,0.04588849588793016
cfg,2025-10-11 00:00:00-04:00,0.2077612019371231
cfx,2025-10-11 00:00:00-04:00,0.0999
cfx,2025-10-11 00:00:00-04:00,0.09966285173934428
cgpt,2025-10-11 00:00:00-04:00,0.054833636289410154
cgpt,2025-10-11 00:00:00-04:00,0.054667357960582225
cheems,2025-10-11 00:00:00-04:00,1.5058e-06
cheems,2025-10-11 00:00:00-04:00,1.4940323061110419e-06
cheq,2025-10-11 00:00:00-04:00,0.021935932173806055
chess,2025-10-11 00:00:00-04:00,0.04063
chess,2025-10-11 00:00:00-04:00,0.04044952590397703
chex,2025-10-11 00:00:00-04:00,0.06643
chillguy,2025-10-11 00:00:00-04:00,0.025680497498430863
chirp,2025-10-11 00:00:00-04:00,0.04489
chonky,2025-10-11 00:00:00-04:00,1.0170625393075174e-06
cho,2025-10-11 00:00:00-04:00,0.0035781162924273116
chr,2025-10-11 00:00:00-04:00,0.0627
chr,2025-10-11 00:00:00-04:00,0.06270934077045624
chz,2025-10-11 00:00:00-04:00,0.0318
chz,2025-10-11 00:00:00-04:00,0.03181
chz,2025-10-11 00:00:00-04:00,0.03171264330594336
city,2025-10-11 00:00:00-04:00,0.7458792682183341
ckb,2025-10-11 00:00:00-04:00,0.003158
ckb,2025-10-11 00:00:00-04:00,0.0031540979893786153
clanker,2025-10-11 00:00:00-04:00,25.33
clanker,2025-10-11 00:00:00-04:00,25.380554934823092
clay,2025-10-11 00:00:00-04:00,1.1999e-05
cloud,2025-10-11 00:00:00-04:00,0.1266
cloud,2025-10-11 00:00:00-04:00,0.12638259761195952
clv,2025-10-11 00:00:00-04:00,0.0137
clv,2025-10-11 00:00:00-04:00,0.013987789659146961
cly,2025-10-11 00:00:00-04:00,0.05425165648336727
comp:,2025-10-11 00:00:00-04:00,32.0
comp,2025-10-11 00:00:00-04:00,32.11
comp,2025-10-11 00:00:00-04:00,32.05326672595718
cookie,2025-10-11 00:00:00-04:00,0.08474
cookie,2025-10-11 00:00:00-04:00,0.0831
cookie,2025-10-11 00:00:00-04:00,0.08307863249522822
cope,2025-10-11 00:00:00-04:00,0.0036570634140191626
coq,2025-10-11 00:00:00-04:00,3.3029982267758605e-07
core,2025-10-11 00:00:00-04:00,0.2535
core,2025-10-11 00:00:00-04:00,0.25379099739382643
corn,2025-10-11 00:00:00-04:00,0.08076
cos,2025-10-11 00:00:00-04:00,0.00208
coti,2025-10-11 00:00:00-04:00,0.0352
coti,2025-10-11 00:00:00-04:00,0.035178161395017685
cow,2025-10-11 00:00:00-04:00,0.2388
cow,2025-10-11 00:00:00-04:00,0.2386
cow,2025-10-11 00:00:00-04:00,0.23848911251184704
cpool,2025-10-11 00:00:00-04:00,0.09925
cpool,2025-10-11 00:00:00-04:00,0.09993
cqt,2025-10-11 00:00:00-04:00,0.00144
credi,2025-10-11 00:00:00-04:00,0.003061
cros,2025-10-11 00:00:00-04:00,0.0002242
cro,2025-10-11 00:00:00-04:00,0.15569
cro,2025-10-11 00:00:00-04:00,0.15608
cro,2025-10-11 00:00:00-04:00,0.15538405814156925
cru,2025-10-11 00:00:00-04:00,0.0604
crv,2025-10-11 00:00:00-04:00,0.4854586359143783
crv,2025-10-11 00:00:00-04:00,0.4856342203023568
crv,2025-10-11 00:00:00-04:00,0.4849298397567363
crvusd,2025-10-11 00:00:00-04:00,1.0002440283615894
crvusd,2025-10-11 00:00:00-04:00,0.9994202916005613
crvusd,2025-10-11 00:00:00-04:00,0.9964763482760629
csix,2025-10-11 00:00:00-04:00,0.0014332611366605558
csm,2025-10-11 00:00:00-04:00,0.002768
cspr,2025-10-11 00:00:00-04:00,0.008108253378751226
cta,2025-10-11 00:00:00-04:00,0.03166656858439961
ctc,2025-10-11 00:00:00-04:00,0.435593201648372
ctk,2025-10-11 00:00:00-04:00,0.2991892857142857
ctsi,2025-10-11 00:00:00-04:00,0.0518
ctsi,2025-10-11 00:00:00-04:00,0.05170000000000001
ctxc,2025-10-11 00:00:00-04:00,0.053391202786392436
ctx,2025-10-11 00:00:00-04:00,1.1044
ctx,2025-10-11 00:00:00-04:00,1.105
cult,2025-10-11 00:00:00-04:00,0.0005925
cusdc,2025-10-11 00:00:00-04:00,0.02519550092941114
cusdo,2025-10-11 00:00:00-04:00,1.0235621652710671
cusd,2025-10-11 00:00:00-04:00,0.999886647728942
cusd,2025-10-11 00:00:00-04:00,0.999117542410994
cvc,2025-10-11 00:00:00-04:00,0.0623
cvc,2025-10-11 00:00:00-04:00,0.0626
cvc,2025-10-11 00:00:00-04:00,0.0623
cvx,2025-10-11 00:00:00-04:00,2.177
cvx,2025-10-11 00:00:00-04:00,2.1680537262633806
cweb,2025-10-11 00:00:00-04:00,0.003635
cws,2025-10-11 00:00:00-04:00,0.1054
cxt,2025-10-11 00:00:00-04:00,0.01722
cxt,2025-10-11 00:00:00-04:00,0.0172298281983597
cyber,2025-10-11 00:00:00-04:00,0.971
cyber,2025-10-11 00:00:00-04:00,0.9822586904169489
dag,2025-10-11 00:00:00-04:00,0.021661422051524264
dai,2025-10-11 00:00:00-04:00,0.9999
dai,2025-10-11 00:00:00-04:00,0.9998296663627498
dai,2025-10-11 00:00:00-04:00,0.998840995318493
dao,2025-10-11 00:00:00-04:00,0.08413815496821961
dark,2025-10-11 00:00:00-04:00,0.001208
dash,2025-10-11 00:00:00-04:00,39.66367436877343
dash,2025-10-11 00:00:00-04:00,39.57178588507632
data,2025-10-11 00:00:00-04:00,0.009990000000000002
dbr,2025-10-11 00:00:00-04:00,0.02744
dbr,2025-10-11 00:00:00-04:00,0.027600062728736798
dck,2025-10-11 00:00:00-04:00,0.003901
dcr,2025-10-11 00:00:00-04:00,16.4928206178504
dc,2025-10-11 00:00:00-04:00,2.147e-05
deep,2025-10-11 00:00:00-04:00,0.09591441442224152
defi,2025-10-11 00:00:00-04:00,0.001357
degen,2025-10-11 00:00:00-04:00,0.001941
degen,2025-10-11 00:00:00-04:00,0.0019359536439068322
dego,2025-10-11 00:00:00-04:00,0.679
dent,2025-10-11 00:00:00-04:00,0.0004018
dent,2025-10-11 00:00:00-04:00,0.000400939363704535
deusd,2025-10-11 00:00:00-04:00,1.0001014359300087
deusd,2025-10-11 00:00:00-04:00,0.9992
dexe,2025-10-11 00:00:00-04:00,5.6199716570117415
dext,2025-10-11 00:00:00-04:00,0.3754
df,2025-10-11 00:00:00-04:00,0.01839
df,2025-10-11 00:00:00-04:00,0.018394650440762786
dfyn,2025-10-11 00:00:00-04:00,0.0029347715291719
dfyn,2025-10-11 00:00:00-04:00,0.002896392287149191
dgb,2025-10-11 00:00:00-04:00,0.008308337970080909
dia,2025-10-11 00:00:00-04:00,0.40924
dia,2025-10-11 00:00:00-04:00,0.4103625990466869
dimo,2025-10-11 00:00:00-04:00,0.04269
din,2025-10-11 00:00:00-04:00,0.0612
dka,2025-10-11 00:00:00-04:00,0.010322164540492531
dmail,2025-10-11 00:00:00-04:00,0.03015204480910675
dmtr,2025-10-11 00:00:00-04:00,0.02480959832554988
dnt,2025-10-11 00:00:00-04:00,0.0221
dodo,2025-10-11 00:00:00-04:00,0.03176485334499933
doge3l,2025-10-11 00:00:00-04:00,2.275e-05
doge3s,2025-10-11 00:00:00-04:00,2.192e-05
dogegov,2025-10-11 00:00:00-04:00,0.003672
doge,2025-10-11 00:00:00-04:00,0.1854896253538482
doge,2025-10-11 00:00:00-04:00,0.18549024034815406
doge,2025-10-11 00:00:00-04:00,0.18527846180837745
doginme,2025-10-11 00:00:00-04:00,0.0002635
dogs,2025-10-11 00:00:00-04:00,6.95e-05
dogs,2025-10-11 00:00:00-04:00,6.95e-05
dogs,2025-10-11 00:00:00-04:00,6.94689001453861e-05
dog,2025-10-11 00:00:00-04:00,0.00191
dog,2025-10-11 00:00:00-04:00,0.001899086294375377
dola,2025-10-11 00:00:00-04:00,0.9890660192932245
dolo,2025-10-11 00:00:00-04:00,0.07389
dolo,2025-10-11 00:00:00-04:00,0.07380869101219474
dolo,2025-10-11 00:00:00-04:00,0.07368051712312458
dot3l,2025-10-11 00:00:00-04:00,0.000604
dot3s,2025-10-11 00:00:00-04:00,0.4598
dot,2025-10-11 00:00:00-04:00,3.0020479152186437
dot,2025-10-11 00:00:00-04:00,3.002552732047864
dot,2025-10-11 00:00:00-04:00,2.997201474398111
dpr,2025-10-11 00:00:00-04:00,0.0002076345607752198
dreams,2025-10-11 00:00:00-04:00,0.00030212204639676755
drift,2025-10-11 00:00:00-04:00,0.507
drift,2025-10-11 00:00:00-04:00,0.5062650629339498
drv,2025-10-11 00:00:00-04:00,0.03631
dsh,2025-10-11 00:00:00-04:00,39.528
duck,2025-10-11 00:00:00-04:00,0.001379
duck,2025-10-11 00:00:00-04:00,0.0014816888065558535
dupe,2025-10-11 00:00:00-04:00,0.009755555566962577
d,2025-10-11 00:00:00-04:00,0.021205850598532087
dusk,2025-10-11 00:00:00-04:00,0.04548809069914119
dydx,2025-10-11 00:00:00-04:00,0.3422
dydx,2025-10-11 00:00:00-04:00,0.342
dydx,2025-10-11 00:00:00-04:00,0.3424766455873325
dym,2025-10-11 00:00:00-04:00,0.1108
dym,2025-10-11 00:00:00-04:00,0.11017542595040947
dyp,2025-10-11 00:00:00-04:00,0.0035037271462169846
e4c,2025-10-11 00:00:00-04:00,0.00284
edge,2025-10-11 00:00:00-04:00,0.24323
edu,2025-10-11 00:00:00-04:00,0.09572187635105922
egld:,2025-10-11 00:00:00-04:00,9.5563
egld,2025-10-11 00:00:00-04:00,9.57
egld,2025-10-11 00:00:00-04:00,9.57
egld,2025-10-11 00:00:00-04:00,9.553382624790736
ego,2025-10-11 00:00:00-04:00,0.00182
egp,2025-10-11 00:00:00-04:00,0.372
eigen,2025-10-11 00:00:00-04:00,1.13
eigen,2025-10-11 00:00:00-04:00,1.13
eigen,2025-10-11 00:00:00-04:00,1.1283581324038803
ela,2025-10-11 00:00:00-04:00,1.604
ela,2025-10-11 00:00:00-04:00,1.603
elf,2025-10-11 00:00:00-04:00,0.1522
elon,2025-10-11 00:00:00-04:00,7.555410830672366e-08
elx,2025-10-11 00:00:00-04:00,0.0914
emyc,2025-10-11 00:00:00-04:00,0.01478
ena,2025-10-11 00:00:00-04:00,0.3696
ena,2025-10-11 00:00:00-04:00,0.3696144130160059
ena,2025-10-11 00:00:00-04:00,0.36916815937572695
enj,2025-10-11 00:00:00-04:00,0.044
enj,2025-10-11 00:00:00-04:00,0.0442
enj,2025-10-11 00:00:00-04:00,0.04400656400792506
ens,2025-10-11 00:00:00-04:00,15.02
ens,2025-10-11 00:00:00-04:00,15.008854883081156
ens,2025-10-11 00:00:00-04:00,14.9899038588344
eos,2025-10-11 00:00:00-04:00,0.29591
epic,2025-10-11 00:00:00-04:00,0.97
epic,2025-10-11 00:00:00-04:00,0.971587539791676
epik,2025-10-11 00:00:00-04:00,0.000541
ept,2025-10-11 00:00:00-04:00,0.0031827732567442212
erebro,2025-10-11 00:00:00-04:00,0.041
erg,2025-10-11 00:00:00-04:00,0.6157
ertha,2025-10-11 00:00:00-04:00,0.0002381
ese,2025-10-11 00:00:00-04:00,0.006034226997839795
eta,2025-10-11 00:00:00-04:00,0.1121
etc,2025-10-11 00:00:00-04:00,15.482367575475212
etc,2025-10-11 00:00:00-04:00,15.05
etc,2025-10-11 00:00:00-04:00,15.046342107162126
ethfi,2025-10-11 00:00:00-04:00,1.114
ethfi,2025-10-11 00:00:00-04:00,1.112
ethfi,2025-10-11 00:00:00-04:00,1.1116548694865132
eth,2025-10-11 00:00:00-04:00,3753.5210138673697
eth,2025-10-11 00:00:00-04:00,3751.077563368989
eth,2025-10-11 00:00:00-04:00,3746.9043374069115
ethw,2025-10-11 00:00:00-04:00,0.958
ethw,2025-10-11 00:00:00-04:00,0.9551099612399736
etn,2025-10-11 00:00:00-04:00,0.0026067897571688077
eul,2025-10-11 00:00:00-04:00,8.44182510959763
eul,2025-10-11 00:00:00-04:00,8.450951756540032
eurc,2025-10-11 00:00:00-04:00,1.14275
eurc,2025-10-11 00:00:00-04:00,1.1464132820993018
eurc,2025-10-11 00:00:00-04:00,1.169
euri,2025-10-11 00:00:00-04:00,1.1439
euri,2025-10-11 00:00:00-04:00,1.1424
europ,2025-10-11 00:00:00-04:00,1.1508
eurq,2025-10-11 00:00:00-04:00,1.1559
eurr,2025-10-11 00:00:00-04:00,1.1628
eurr,2025-10-11 00:00:00-04:00,1.1567
eurs,2025-10-11 00:00:00-04:00,1.1490847853094643
eurt,2025-10-11 00:00:00-04:00,1.0511
eurt,2025-10-11 00:00:00-04:00,1.1693
eur,2025-10-11 00:00:00-04:00,1.1612556118214432
eur,2025-10-11 00:00:00-04:00,1.144
eur,2025-10-11 00:00:00-04:00,1.1426006717759793
eusd,2025-10-11 00:00:00-04:00,1.0001283109425017
eusd,2025-10-11 00:00:00-04:00,1.000141674032801
eus,2025-10-11 00:00:00-04:00,0.0883
ever,2025-10-11 00:00:00-04:00,0.01694716024401697
evmos,2025-10-11 00:00:00-04:00,0.001119
ewt,2025-10-11 00:00:00-04:00,0.879
ewt,2025-10-11 00:00:00-04:00,0.8751922040954769
ex,2025-10-11 00:00:00-04:00,0.08132
eywa,2025-10-11 00:00:00-04:00,0.0024147708803407253
ezeth,2025-10-11 00:00:00-04:00,3976.3086684065406
fai,2025-10-11 00:00:00-04:00,0.00938
farm,2025-10-11 00:00:00-04:00,22.38
farm,2025-10-11 00:00:00-04:00,22.240475435816165
fartcoin,2025-10-11 00:00:00-04:00,0.3454
fartcoin,2025-10-11 00:00:00-04:00,0.34825
fartcoin,2025-10-11 00:00:00-04:00,0.345070896680573
fb,2025-10-11 00:00:00-04:00,0.41999782747402387
fdusd,2025-10-11 00:00:00-04:00,0.9983
fdusd,2025-10-11 00:00:00-04:00,0.9971989828687404
fear,2025-10-11 00:00:00-04:00,0.00871
fei,2025-10-11 00:00:00-04:00,0.9884127843854065
fei,2025-10-11 00:00:00-04:00,0.9998353157723796
fei,2025-10-11 00:00:00-04:00,0.9824
fet,2025-10-11 00:00:00-04:00,0.36637737395495173
fet,2025-10-11 00:00:00-04:00,0.3661072765489244
fet,2025-10-11 00:00:00-04:00,0.36595347400344463
fhe,2025-10-11 00:00:00-04:00,0.03061
fida,2025-10-11 00:00:00-04:00,0.0575
fida,2025-10-11 00:00:00-04:00,0.05745347583910551
fil,2025-10-11 00:00:00-04:00,1.565
fil,2025-10-11 00:00:00-04:00,1.5677078806848925
fil,2025-10-11 00:00:00-04:00,1.576099932394324
finc,2025-10-11 00:00:00-04:00,0.00684
fio,2025-10-11 00:00:00-04:00,0.011066569474146835
firo,2025-10-11 00:00:00-04:00,1.5112
fis,2025-10-11 00:00:00-04:00,0.0686
fis,2025-10-11 00:00:00-04:00,0.06821661722194663
fitfi,2025-10-11 00:00:00-04:00,0.0008602165991431036
flame,2025-10-11 00:00:00-04:00,0.0025673
flip,2025-10-11 00:00:00-04:00,0.5091
flm,2025-10-11 00:00:00-04:00,0.019116788315169938
floki2,2025-10-11 00:00:00-04:00,6.657546890826513e-05
floki,2025-10-11 00:00:00-04:00,6.656935037129986e-05
floki,2025-10-11 00:00:00-04:00,6.682e-05
floki,2025-10-11 00:00:00-04:00,6.653e-05
flow,2025-10-11 00:00:00-04:00,0.27
flow,2025-10-11 00:00:00-04:00,0.2700157595045773
flr,2025-10-11 00:00:00-04:00,0.01938
flr,2025-10-11 00:00:00-04:00,0.01955
flr,2025-10-11 00:00:00-04:00,0.019397665834452894
flux,2025-10-11 00:00:00-04:00,0.1235
flux,2025-10-11 00:00:00-04:00,0.12432
flux,2025-10-11 00:00:00-04:00,0.12371890177438666
fly,2025-10-11 00:00:00-04:00,0.05698
fomo,2025-10-11 00:00:00-04:00,1.1059853002187829e-05
form,2025-10-11 00:00:00-04:00,0.727
form,2025-10-11 00:00:00-04:00,0.7259006038829783
forth,2025-10-11 00:00:00-04:00,2.0757
forth,2025-10-11 00:00:00-04:00,2.07649366155495
fort,2025-10-11 00:00:00-04:00,0.0336
fort,2025-10-11 00:00:00-04:00,0.03362904277222287
fox,2025-10-11 00:00:00-04:00,0.0182
foxy,2025-10-11 00:00:00-04:00,0.001529
frax,2025-10-11 00:00:00-04:00,0.9969837865054216
frax,2025-10-11 00:00:00-04:00,0.9971655493921194
frax,2025-10-11 00:00:00-04:00,0.9960679364701621
fred,2025-10-11 00:00:00-04:00,0.001486
freedog,2025-10-11 00:00:00-04:00,7.72e-05
frxeth,2025-10-11 00:00:00-04:00,3788.5381333262067
frxusd,2025-10-11 00:00:00-04:00,0.9971363111221779
ftm,2025-10-11 00:00:00-04:00,0.2099
ftt,2025-10-11 00:00:00-04:00,0.6612
ftt,2025-10-11 00:00:00-04:00,0.662272584591215
fuel,2025-10-11 00:00:00-04:00,0.0031635034853413125
fun,2025-10-11 00:00:00-04:00,0.004816164040049536
fury,2025-10-11 00:00:00-04:00,0.01885957734799776
f,2025-10-11 00:00:00-04:00,0.007756308181150298
fwog,2025-10-11 00:00:00-04:00,0.02297
fwog,2025-10-11 00:00:00-04:00,0.02304563860085864
fxs,2025-10-11 00:00:00-04:00,1.385
fxs,2025-10-11 00:00:00-04:00,1.3779839196116705
fx,2025-10-11 00:00:00-04:00,0.0728
g3,2025-10-11 00:00:00-04:00,0.00421
g7,2025-10-11 00:00:00-04:00,0.0004356203625333644
gafi,2025-10-11 00:00:00-04:00,0.957
gala,2025-10-11 00:00:00-04:00,0.01058
gala,2025-10-11 00:00:00-04:00,0.01058
gala,2025-10-11 00:00:00-04:00,0.010566021025909096
galax3s,2025-10-11 00:00:00-04:00,0.0795
gal,2025-10-11 00:00:00-04:00,0.5407
gameai,2025-10-11 00:00:00-04:00,0.0095
game,2025-10-11 00:00:00-04:00,0.08891287001587449
gari,2025-10-11 00:00:00-04:00,0.002837
gari,2025-10-11 00:00:00-04:00,0.00283
gas,2025-10-11 00:00:00-04:00,2.4472641257278274
gbp,2025-10-11 00:00:00-04:00,1.3352364039769133
geeq,2025-10-11 00:00:00-04:00,0.0235
gfi,2025-10-11 00:00:00-04:00,0.3989
gfi,2025-10-11 00:00:00-04:00,0.3994
ghibli,2025-10-11 00:00:00-04:00,0.001063
ghibli,2025-10-11 00:00:00-04:00,0.000985
ghibli,2025-10-11 00:00:00-04:00,0.000982
gho,2025-10-11 00:00:00-04:00,0.9997569684982941
gho,2025-10-11 00:00:00-04:00,0.9996
ghst,2025-10-11 00:00:00-04:00,0.291
ghst,2025-10-11 00:00:00-04:00,0.2916270188458158
ght,2025-10-11 00:00:00-04:00,0.04766
ghx,2025-10-11 00:00:00-04:00,0.01813
giga,2025-10-11 00:00:00-04:00,0.00746
giga,2025-10-11 00:00:00-04:00,0.007460555072063537
giga,2025-10-11 00:00:00-04:00,0.007429
glmr,2025-10-11 00:00:00-04:00,0.0386
glmr,2025-10-11 00:00:00-04:00,0.03843456427532858
glm,2025-10-11 00:00:00-04:00,0.174
glm,2025-10-11 00:00:00-04:00,0.17458270962251884
glq,2025-10-11 00:00:00-04:00,0.013428
gmee,2025-10-11 00:00:00-04:00,0.0022830190435905798
gmrx,2025-10-11 00:00:00-04:00,6.663e-05
gmt,2025-10-11 00:00:00-04:00,0.0262
gmt,2025-10-11 00:00:00-04:00,0.0261
gmt,2025-10-11 00:00:00-04:00,0.02604753109961024
gmx,2025-10-11 00:00:00-04:00,10.44
gmx,2025-10-11 00:00:00-04:00,10.45
gmx,2025-10-11 00:00:00-04:00,10.39878155143132
gno,2025-10-11 00:00:00-04:00,123.87
gno,2025-10-11 00:00:00-04:00,123.89772313296903
gns,2025-10-11 00:00:00-04:00,1.2858939101497504
goats,2025-10-11 00:00:00-04:00,4.299e-05
goat,2025-10-11 00:00:00-04:00,0.05467
goat,2025-10-11 00:00:00-04:00,0.05462647938215155
godl,2025-10-11 00:00:00-04:00,0.0002474
gods,2025-10-11 00:00:00-04:00,0.08671
gods,2025-10-11 00:00:00-04:00,0.08665661766919831
gork,2025-10-11 00:00:00-04:00,0.008726579959604873
gork,2025-10-11 00:00:00-04:00,0.007694951374479287
gps,2025-10-11 00:00:00-04:00,0.00879
gps,2025-10-11 00:00:00-04:00,0.00884
grail,2025-10-11 00:00:00-04:00,245.575809398957
grail,2025-10-11 00:00:00-04:00,242.92431561048983
grass,2025-10-11 00:00:00-04:00,0.5107
grass,2025-10-11 00:00:00-04:00,0.5077526991230168
griffain,2025-10-11 00:00:00-04:00,0.02144
griffain,2025-10-11 00:00:00-04:00,0.02137
grift,2025-10-11 00:00:00-04:00,0.0018082528107906837
grt,2025-10-11 00:00:00-04:00,0.0627
grt,2025-10-11 00:00:00-04:00,0.06291113218286776
gst,2025-10-11 00:00:00-04:00,0.003577
gst,2025-10-11 00:00:00-04:00,0.003533
gtai,2025-10-11 00:00:00-04:00,0.08723030973085055
gtc,2025-10-11 00:00:00-04:00,0.22
gtc,2025-10-11 00:00:00-04:00,0.21205753437383873
gt,2025-10-11 00:00:00-04:00,15.889
gtx,2025-10-11 00:00:00-04:00,15.855
gun,2025-10-11 00:00:00-04:00,0.01918
gun,2025-10-11 00:00:00-04:00,0.019221250353074096
gun,2025-10-11 00:00:00-04:00,0.019299096600813533
g,2025-10-11 00:00:00-04:00,0.00739
g,2025-10-11 00:00:00-04:00,0.007391862016784292
gusd,2025-10-11 00:00:00-04:00,0.9990736978603846
gx,2025-10-11 00:00:00-04:00,0.0001525
h1,2025-10-11 00:00:00-04:00,0.00199062430147629
haedal,2025-10-11 00:00:00-04:00,0.09567490589130788
hai,2025-10-11 00:00:00-04:00,0.00762779721810543
hapi,2025-10-11 00:00:00-04:00,2.017023036342321
happy,2025-10-11 00:00:00-04:00,0.0008447
hbar,2025-10-11 00:00:00-04:00,0.16825889719857057
hbar,2025-10-11 00:00:00-04:00,0.16821364376970183
hbar,2025-10-11 00:00:00-04:00,0.1680398557438867
hdx,2025-10-11 00:00:00-04:00,0.0061
heart,2025-10-11 00:00:00-04:00,0.004783340144474285
hei,2025-10-11 00:00:00-04:00,0.1819
hei,2025-10-11 00:00:00-04:00,0.18157994107691344
hft,2025-10-11 00:00:00-04:00,0.0515
hft,2025-10-11 00:00:00-04:00,0.05168
hft,2025-10-11 00:00:00-04:00,0.051395703735075564
hifi,2025-10-11 00:00:00-04:00,0.0594
high,2025-10-11 00:00:00-04:00,0.306
high,2025-10-11 00:00:00-04:00,0.30447912175550745
hippo,2025-10-11 00:00:00-04:00,0.0013074337049817709
hive,2025-10-11 00:00:00-04:00,0.1382
hive,2025-10-11 00:00:00-04:00,0.13771612542295197
hmnd,2025-10-11 00:00:00-04:00,0.014600512558830363
hmstr,2025-10-11 00:00:00-04:00,0.000419
hmstr,2025-10-11 00:00:00-04:00,0.000417
hmstr,2025-10-11 00:00:00-04:00,0.00041602809154400033
hnt,2025-10-11 00:00:00-04:00,2.221
hnt,2025-10-11 00:00:00-04:00,2.215462447776662
hold,2025-10-11 00:00:00-04:00,1.486
honey,2025-10-11 00:00:00-04:00,0.0118
honey,2025-10-11 00:00:00-04:00,0.999632945112874
honey,2025-10-11 00:00:00-04:00,0.011825158579699749
hook,2025-10-11 00:00:00-04:00,0.06179483709942617
hopr,2025-10-11 00:00:00-04:00,0.0407
hopr,2025-10-11 00:00:00-04:00,0.04027
hot,2025-10-11 00:00:00-04:00,0.0006251901202676172
house,2025-10-11 00:00:00-04:00,0.005180980612531382
hpos10i,2025-10-11 00:00:00-04:00,0.0696
hpos10i,2025-10-11 00:00:00-04:00,0.068657
hsk,2025-10-11 00:00:00-04:00,0.3534
htr,2025-10-11 00:00:00-04:00,0.02703
ht,2025-10-11 00:00:00-04:00,0.245
htx,2025-10-11 00:00:00-04:00,2.0355104464296132e-06
hydra,2025-10-11 00:00:00-04:00,0.10234802063290623
hyper,2025-10-11 00:00:00-04:00,0.18979797519108843
hyper,2025-10-11 00:00:00-04:00,0.18938117076178346
hype,2025-10-11 00:00:00-04:00,39.62675663044778
hype,2025-10-11 00:00:00-04:00,36.84482423511277
hype,2025-10-11 00:00:00-04:00,36.817697721783645
hyusd,2025-10-11 00:00:00-04:00,1.0994496206571074
hyve,2025-10-11 00:00:00-04:00,0.00225
ice,2025-10-11 00:00:00-04:00,0.004712730001267314
icp,2025-10-11 00:00:00-04:00,3.135
icp,2025-10-11 00:00:00-04:00,3.1375955392809587
icp,2025-10-11 00:00:00-04:00,3.1307618460409405
icx,2025-10-11 00:00:00-04:00,0.0823
icx,2025-10-11 00:00:00-04:00,0.08222557042982401
idea,2025-10-11 00:00:00-04:00,4.4e-05
idex,2025-10-11 00:00:00-04:00,0.0195
idex,2025-10-11 00:00:00-04:00,0.01955
idex,2025-10-11 00:00:00-04:00,0.01941315288920455
id,2025-10-11 00:00:00-04:00,0.10690679681777183
ilv,2025-10-11 00:00:00-04:00,11.14
ilv,2025-10-11 00:00:00-04:00,11.120623054975752
imt,2025-10-11 00:00:00-04:00,0.003821
imx,2025-10-11 00:00:00-04:00,0.4788
imx,2025-10-11 00:00:00-04:00,0.4788832170180108
index,2025-10-11 00:00:00-04:00,0.84
index,2025-10-11 00:00:00-04:00,0.848
inf,2025-10-11 00:00:00-04:00,249.47560756588692
init,2025-10-11 00:00:00-04:00,0.1747
init,2025-10-11 00:00:00-04:00,0.1745
init,2025-10-11 00:00:00-04:00,0.17430763796461163
injdown,2025-10-11 00:00:00-04:00,0.01666
injup,2025-10-11 00:00:00-04:00,0.00032659
inj,2025-10-11 00:00:00-04:00,8.495
inj,2025-10-11 00:00:00-04:00,8.489
inj,2025-10-11 00:00:00-04:00,8.480145891365598
insp,2025-10-11 00:00:00-04:00,0.01133
intr,2025-10-11 00:00:00-04:00,0.001692
inv,2025-10-11 00:00:00-04:00,32.76
iost,2025-10-11 00:00:00-04:00,0.0022547224895724223
iota,2025-10-11 00:00:00-04:00,0.138
iota,2025-10-11 00:00:00-04:00,0.13813623359336996
iot,2025-10-11 00:00:00-04:00,0.13999
iotxe,2025-10-11 00:00:00-04:00,0.02066
iotx,2025-10-11 00:00:00-04:00,0.020683
iotx,2025-10-11 00:00:00-04:00,0.013257966344539511
io,2025-10-11 00:00:00-04:00,0.318
io,2025-10-11 00:00:00-04:00,0.318
io,2025-10-11 00:00:00-04:00,0.31670043720507113
ip,2025-10-11 00:00:00-04:00,5.316087967845269
ip,2025-10-11 00:00:00-04:00,5.3076696282531355
iq,2025-10-11 00:00:00-04:00,0.002505
iron,2025-10-11 00:00:00-04:00,0.2174
island,2025-10-11 00:00:00-04:00,0.008644
islm,2025-10-11 00:00:00-04:00,0.01895
isp,2025-10-11 00:00:00-04:00,0.0002049
ithaca,2025-10-11 00:00:00-04:00,0.00659013495529267
izi,2025-10-11 00:00:00-04:00,0.011397
jailstool,2025-10-11 00:00:00-04:00,0.002474
jam,2025-10-11 00:00:00-04:00,0.0001207
jasmy3l,2025-10-11 00:00:00-04:00,3.123e-05
jasmy3s,2025-10-11 00:00:00-04:00,0.00808
jasmy,2025-10-11 00:00:00-04:00,0.00986
jasmy,2025-10-11 00:00:00-04:00,0.009875
jasmy,2025-10-11 00:00:00-04:00,0.009847083226700241
jellyjelly,2025-10-11 00:00:00-04:00,0.06753577356994707
jitosol,2025-10-11 00:00:00-04:00,226.72281795900932
jitosol,2025-10-11 00:00:00-04:00,219.32411343764596
jitosol,2025-10-11 00:00:00-04:00,219.87
jlp,2025-10-11 00:00:00-04:00,5.254100539099776
joe,2025-10-11 00:00:00-04:00,0.10903654780471789
jst,2025-10-11 00:00:00-04:00,0.030285
jst,2025-10-11 00:00:00-04:00,0.03035887005765006
jto,2025-10-11 00:00:00-04:00,1.0357
jto,2025-10-11 00:00:00-04:00,1.035
jto,2025-10-11 00:00:00-04:00,1.0346986982979187
juno,2025-10-11 00:00:00-04:00,0.0776
jup,2025-10-11 00:00:00-04:00,0.33954
jup,2025-10-11 00:00:00-04:00,0.3368868866695614
jup,2025-10-11 00:00:00-04:00,0.33640867181123085
j,2025-10-11 00:00:00-04:00,0.06837
juv,2025-10-11 00:00:00-04:00,0.894
juv,2025-10-11 00:00:00-04:00,0.8926839648991024
kace,2025-10-11 00:00:00-04:00,0.2988
kagi,2025-10-11 00:00:00-04:00,0.03228
kaia,2025-10-11 00:00:00-04:00,0.10542
kaia,2025-10-11 00:00:00-04:00,0.10513471698834385
kaito,2025-10-11 00:00:00-04:00,1.0797
kaito,2025-10-11 00:00:00-04:00,1.0792
kaito,2025-10-11 00:00:00-04:00,1.077766757452079
kalt,2025-10-11 00:00:00-04:00,0.01959
kan,2025-10-11 00:00:00-04:00,0.000616
karrat,2025-10-11 00:00:00-04:00,0.0288
karrat,2025-10-11 00:00:00-04:00,0.0287
kar,2025-10-11 00:00:00-04:00,0.0225
kar,2025-10-11 00:00:00-04:00,0.02271
kasdown,2025-10-11 00:00:00-04:00,0.0745
kasup,2025-10-11 00:00:00-04:00,5.367e-05
kas,2025-10-11 00:00:00-04:00,0.05713
kas,2025-10-11 00:00:00-04:00,0.05702801669105345
kava,2025-10-11 00:00:00-04:00,0.1819
kava,2025-10-11 00:00:00-04:00,0.18133038973165844
kawz,2025-10-11 00:00:00-04:00,2.9514820638537023
kcs,2025-10-11 00:00:00-04:00,14.249
kcs,2025-10-11 00:00:00-04:00,14.229444117153092
kda,2025-10-11 00:00:00-04:00,0.224
kda,2025-10-11 00:00:00-04:00,0.2237549541025492
kernel,2025-10-11 00:00:00-04:00,0.145
kernel,2025-10-11 00:00:00-04:00,0.14487
kernel,2025-10-11 00:00:00-04:00,0.14489784084771645
keycat,2025-10-11 00:00:00-04:00,0.002004
key,2025-10-11 00:00:00-04:00,0.000251
kilo,2025-10-11 00:00:00-04:00,0.021515484071064395
kima,2025-10-11 00:00:00-04:00,0.05761998670329094
kint,2025-10-11 00:00:00-04:00,0.1486
kin,2025-10-11 00:00:00-04:00,9.93e-07
kip,2025-10-11 00:00:00-04:00,0.000319
klima,2025-10-11 00:00:00-04:00,0.27901070959541596
klv,2025-10-11 00:00:00-04:00,0.00230789265594902
kmd,2025-10-11 00:00:00-04:00,0.03726
kmno,2025-10-11 00:00:00-04:00,0.05678
kmno,2025-10-11 00:00:00-04:00,0.05678
kmno,2025-10-11 00:00:00-04:00,0.056651276253194785
knc,2025-10-11 00:00:00-04:00,0.261
knc,2025-10-11 00:00:00-04:00,0.2605416354981299
koma,2025-10-11 00:00:00-04:00,0.01798
kp3r,2025-10-11 00:00:00-04:00,4.14
kp3r,2025-10-11 00:00:00-04:00,3.979
kpol,2025-10-11 00:00:00-04:00,0.000397
krl,2025-10-11 00:00:00-04:00,0.2364
krl,2025-10-11 00:00:00-04:00,0.2371
ksm,2025-10-11 00:00:00-04:00,10.56
ksm,2025-10-11 00:00:00-04:00,11.428642469893969
k,2025-10-11 00:00:00-04:00,0.04051
l3,2025-10-11 00:00:00-04:00,0.0234
l3,2025-10-11 00:00:00-04:00,0.023231433142832297
ladys,2025-10-11 00:00:00-04:00,1.7698244244478652e-08
lai,2025-10-11 00:00:00-04:00,0.0004359869676749782
lat,2025-10-11 00:00:00-04:00,0.0022258386519054558
la,2025-10-11 00:00:00-04:00,0.2890767452040318
lava,2025-10-11 00:00:00-04:00,0.1249
lay3r,2025-10-11 00:00:00-04:00,0.008173
layer,2025-10-11 00:00:00-04:00,0.284
layer,2025-10-11 00:00:00-04:00,0.2839
layer,2025-10-11 00:00:00-04:00,0.28335584411966225
lazio,2025-10-11 00:00:00-04:00,0.8656127845748801
lcx,2025-10-11 00:00:00-04:00,0.1152
ldo,2025-10-11 00:00:00-04:00,0.82953
ldo,2025-10-11 00:00:00-04:00,0.808
ldo,2025-10-11 00:00:00-04:00,0.8083220098799031
leo,2025-10-11 00:00:00-04:00,9.6899
leo,2025-10-11 00:00:00-04:00,9.59
lever,2025-10-11 00:00:00-04:00,4.496e-05
lft,2025-10-11 00:00:00-04:00,0.00614
like,2025-10-11 00:00:00-04:00,0.006953398389789106
lingo,2025-10-11 00:00:00-04:00,0.01982
link:,2025-10-11 00:00:00-04:00,17.245
link,2025-10-11 00:00:00-04:00,17.21680102936055
link,2025-10-11 00:00:00-04:00,17.220413430666756
link,2025-10-11 00:00:00-04:00,17.198489201824273
lista,2025-10-11 00:00:00-04:00,0.35571697893374377
lisusd,2025-10-11 00:00:00-04:00,0.9996813696447097
lit,2025-10-11 00:00:00-04:00,0.1906
lki,2025-10-11 00:00:00-04:00,0.0014922909156201147
llm,2025-10-11 00:00:00-04:00,0.0005291
ll,2025-10-11 00:00:00-04:00,0.009056
lmwr,2025-10-11 00:00:00-04:00,0.0605
lmwr,2025-10-11 00:00:00-04:00,0.060480532573973775
lockin,2025-10-11 00:00:00-04:00,0.00548
locus,2025-10-11 00:00:00-04:00,0.00968
lofi,2025-10-11 00:00:00-04:00,0.01146
logx,2025-10-11 00:00:00-04:00,0.005877
loka,2025-10-11 00:00:00-04:00,0.1083
looks,2025-10-11 00:00:00-04:00,0.009351955447107421
loom,2025-10-11 00:00:00-04:00,0.001027
lpt,2025-10-11 00:00:00-04:00,4.63
lpt,2025-10-11 00:00:00-04:00,4.630986589032927
lqty,2025-10-11 00:00:00-04:00,0.5032
lqty,2025-10-11 00:00:00-04:00,0.49975762979935723
lrc,2025-10-11 00:00:00-04:00,0.0675
lrc,2025-10-11 00:00:00-04:00,0.06738816749443788
lrds,2025-10-11 00:00:00-04:00,0.0908
lrds,2025-10-11 00:00:00-04:00,0.09083123691143687
lsd,2025-10-11 00:00:00-04:00,0.0152
lseth,2025-10-11 00:00:00-04:00,4006.33
lseth,2025-10-11 00:00:00-04:00,4048.015936858407
lsk,2025-10-11 00:00:00-04:00,0.214384
lsk,2025-10-11 00:00:00-04:00,0.2226387605095508
lss,2025-10-11 00:00:00-04:00,0.004083
ltc,2025-10-11 00:00:00-04:00,93.45959189016641
ltc,2025-10-11 00:00:00-04:00,93.43468163380814
ltc,2025-10-11 00:00:00-04:00,93.3312366646625
luce,2025-10-11 00:00:00-04:00,0.001352
lumia,2025-10-11 00:00:00-04:00,0.1563
luna2,2025-10-11 00:00:00-04:00,0.09
luna2,2025-10-11 00:00:00-04:00,0.0896
luna2,2025-10-11 00:00:00-04:00,0.08950418852301906
lunai,2025-10-11 00:00:00-04:00,0.006885819233826232
luna,2025-10-11 00:00:00-04:00,3.765e-05
luna,2025-10-11 00:00:00-04:00,3.694e-05
luna,2025-10-11 00:00:00-04:00,3.7464305913646044e-05
luncup,2025-10-11 00:00:00-04:00,0.4724
lunc,2025-10-11 00:00:00-04:00,3.703e-05
lunc,2025-10-11 00:00:00-04:00,3.692202149189507e-05
lusd,2025-10-11 00:00:00-04:00,1.0002606389827726
lusd,2025-10-11 00:00:00-04:00,0.9997950485172367
lvlusd,2025-10-11 00:00:00-04:00,0.9998210985114091
lvva,2025-10-11 00:00:00-04:00,0.003885849222513202
lyx,2025-10-11 00:00:00-04:00,0.668
mag7ssi,2025-10-11 00:00:00-04:00,0.9084941524810374
magic,2025-10-11 00:00:00-04:00,0.1139
magic,2025-10-11 00:00:00-04:00,0.11388836183743015
maha,2025-10-11 00:00:00-04:00,0.1646
major,2025-10-11 00:00:00-04:00,0.08961
mak,2025-10-11 00:00:00-04:00,0.003227
mana,2025-10-11 00:00:00-04:00,0.2369
mana,2025-10-11 00:00:00-04:00,0.23587
mana,2025-10-11 00:00:00-04:00,0.23638509295209845
maneki,2025-10-11 00:00:00-04:00,0.000954612197896736
manta,2025-10-11 00:00:00-04:00,0.1167
manta,2025-10-11 00:00:00-04:00,0.11621170696566453
mantle,2025-10-11 00:00:00-04:00,1.6232
man,2025-10-11 00:00:00-04:00,0.005598098770033942
mapo,2025-10-11 00:00:00-04:00,0.003913141128616724
mars4,2025-10-11 00:00:00-04:00,6.607378378393163e-05
marsh,2025-10-11 00:00:00-04:00,0.00845990258804979
masa,2025-10-11 00:00:00-04:00,0.00944
mask,2025-10-11 00:00:00-04:00,0.867
mask,2025-10-11 00:00:00-04:00,0.8680203292350763
math,2025-10-11 00:00:00-04:00,0.0713
math,2025-10-11 00:00:00-04:00,0.071
matic,2025-10-11 00:00:00-04:00,0.1855
matic,2025-10-11 00:00:00-04:00,0.18589862634612286
matic,2025-10-11 00:00:00-04:00,0.189
mavia,2025-10-11 00:00:00-04:00,0.07849268394843392
mav,2025-10-11 00:00:00-04:00,0.03870849411218428
max,2025-10-11 00:00:00-04:00,0.007930967959429698
mbl,2025-10-11 00:00:00-04:00,0.00152399362578053
mbox,2025-10-11 00:00:00-04:00,0.04322341921527804
mdt,2025-10-11 00:00:00-04:00,0.01693
mdt,2025-10-11 00:00:00-04:00,0.01681
melania,2025-10-11 00:00:00-04:00,0.1102
melania,2025-10-11 00:00:00-04:00,0.1095
melania,2025-10-11 00:00:00-04:00,0.10946491946092904
memefi,2025-10-11 00:00:00-04:00,0.0010462786421968338
meme,2025-10-11 00:00:00-04:00,0.00161
meme,2025-10-11 00:00:00-04:00,0.001615
meme,2025-10-11 00:00:00-04:00,0.0016122732011899195
memhash,2025-10-11 00:00:00-04:00,0.0003885904049894055
merl,2025-10-11 00:00:00-04:00,0.35808160881954476
mert,2025-10-11 00:00:00-04:00,2.407670061938944
meth,2025-10-11 00:00:00-04:00,4070.5
meth,2025-10-11 00:00:00-04:00,4022.97
metis,2025-10-11 00:00:00-04:00,9.35
metis,2025-10-11 00:00:00-04:00,9.273937063812383
metis,2025-10-11 00:00:00-04:00,9.27101094292601
me,2025-10-11 00:00:00-04:00,0.42
me,2025-10-11 00:00:00-04:00,0.41827928485942567
mew,2025-10-11 00:00:00-04:00,0.00192068
mew,2025-10-11 00:00:00-04:00,0.001912
mew,2025-10-11 00:00:00-04:00,0.0019160563926311415
mgt,2025-10-11 00:00:00-04:00,0.0004095799019842808
michi,2025-10-11 00:00:00-04:00,0.0115
michi,2025-10-11 00:00:00-04:00,0.011309075973572443
miggles,2025-10-11 00:00:00-04:00,0.01755
miladycult,2025-10-11 00:00:00-04:00,0.000593
milk,2025-10-11 00:00:00-04:00,0.03424547186569142
mimatic,2025-10-11 00:00:00-04:00,0.9901914687056944
mimatic,2025-10-11 00:00:00-04:00,0.9892696572481912
mim,2025-10-11 00:00:00-04:00,0.9998158122084226
mina,2025-10-11 00:00:00-04:00,0.113
mina,2025-10-11 00:00:00-04:00,0.11194742677124879
mind,2025-10-11 00:00:00-04:00,0.000321
mine,2025-10-11 00:00:00-04:00,4.39423343930265e-05
mint,2025-10-11 00:00:00-04:00,0.001408
mir,2025-10-11 00:00:00-04:00,0.0096
mjt,2025-10-11 00:00:00-04:00,0.0098
mkr,2025-10-11 00:00:00-04:00,1376.79
mlk,2025-10-11 00:00:00-04:00,0.10657259592550442
mln,2025-10-11 00:00:00-04:00,5.5
mln,2025-10-11 00:00:00-04:00,6.233757169817617
mnde,2025-10-11 00:00:00-04:00,0.10617
mnde,2025-10-11 00:00:00-04:00,0.10537992079185299
mngo,2025-10-11 00:00:00-04:00,0.01502
mnry,2025-10-11 00:00:00-04:00,0.003062
mnt,2025-10-11 00:00:00-04:00,1.626
mnt,2025-10-11 00:00:00-04:00,1.6297101221166894
mnt,2025-10-11 00:00:00-04:00,1.6224279460916613
mobile,2025-10-11 00:00:00-04:00,0.0002975851128721358
moby,2025-10-11 00:00:00-04:00,0.012063531329686211
moby,2025-10-11 00:00:00-04:00,0.011587
moca,2025-10-11 00:00:00-04:00,0.05406889320515175
mog,2025-10-11 00:00:00-04:00,4.5e-07
mog,2025-10-11 00:00:00-04:00,4.456837969912071e-07
moni,2025-10-11 00:00:00-04:00,0.00189
monky,2025-10-11 00:00:00-04:00,7.103e-07
mon,2025-10-11 00:00:00-04:00,0.01784043709527855
moobifi,2025-10-11 00:00:00-04:00,182.94297757499672
moodeng,2025-10-11 00:00:00-04:00,0.1057
moodeng,2025-10-11 00:00:00-04:00,0.10583369963155186
moonpig,2025-10-11 00:00:00-04:00,0.000998
moon,2025-10-11 00:00:00-04:00,0.0787
morpho,2025-10-11 00:00:00-04:00,1.6083
morpho,2025-10-11 00:00:00-04:00,1.6064875819260849
move,2025-10-11 00:00:00-04:00,0.079
move,2025-10-11 00:00:00-04:00,0.07892499001214646
movr,2025-10-11 00:00:00-04:00,4.1457
movr,2025-10-11 00:00:00-04:00,4.181113989075281
moz,2025-10-11 00:00:00-04:00,0.000708
mpc,2025-10-11 00:00:00-04:00,0.01495
mplx,2025-10-11 00:00:00-04:00,0.2433
msol,2025-10-11 00:00:00-04:00,234.91
msol,2025-10-11 00:00:00-04:00,234.45401538582365
msol,2025-10-11 00:00:00-04:00,234.4439334401841
mtl,2025-10-11 00:00:00-04:00,0.47379574416618975
mtrg,2025-10-11 00:00:00-04:00,0.08473
mts,2025-10-11 00:00:00-04:00,0.000133
mtv,2025-10-11 00:00:00-04:00,0.00035602353258569654
mubarak,2025-10-11 00:00:00-04:00,0.0233
mubarak,2025-10-11 00:00:00-04:00,0.023182
mubarak,2025-10-11 00:00:00-04:00,0.023125772281187146
mubi,2025-10-11 00:00:00-04:00,0.002022
multi,2025-10-11 00:00:00-04:00,0.469
muse,2025-10-11 00:00:00-04:00,7.414
mv,2025-10-11 00:00:00-04:00,0.00665
mv,2025-10-11 00:00:00-04:00,0.006731
mxc,2025-10-11 00:00:00-04:00,0.001567
mxc,2025-10-11 00:00:00-04:00,0.000581
mx,2025-10-11 00:00:00-04:00,2.4361429175621314
myria,2025-10-11 00:00:00-04:00,0.0005520033892119297
myro,2025-10-11 00:00:00-04:00,0.012743130380583046
myx,2025-10-11 00:00:00-04:00,3.3346756839124057
naka,2025-10-11 00:00:00-04:00,0.1692
naka,2025-10-11 00:00:00-04:00,0.1680342455565616
nano,2025-10-11 00:00:00-04:00,0.640808
natix,2025-10-11 00:00:00-04:00,0.000599
navi,2025-10-11 00:00:00-04:00,0.03458
navx,2025-10-11 00:00:00-04:00,0.0358266953755296
naym,2025-10-11 00:00:00-04:00,0.00185
nct,2025-10-11 00:00:00-04:00,0.01666
nct,2025-10-11 00:00:00-04:00,0.016622
nc,2025-10-11 00:00:00-04:00,0.011410000000000002
near3l,2025-10-11 00:00:00-04:00,0.8885
near3s,2025-10-11 00:00:00-04:00,5.616e-05
near,2025-10-11 00:00:00-04:00,2.3006041067097196
near,2025-10-11 00:00:00-04:00,2.301231805109303
near,2025-10-11 00:00:00-04:00,2.3006233905527367
neirocto,2025-10-11 00:00:00-04:00,0.00017322359594675732
neiroeth,2025-10-11 00:00:00-04:00,0.004346
neiro,2025-10-11 00:00:00-04:00,0.00017366
neiro,2025-10-11 00:00:00-04:00,0.0001739
neiro,2025-10-11 00:00:00-04:00,0.0001735303685324734
neon,2025-10-11 00:00:00-04:00,0.07857
neon,2025-10-11 00:00:00-04:00,0.07829
neo,2025-10-11 00:00:00-04:00,4.4732
neo,2025-10-11 00:00:00-04:00,4.488
neo,2025-10-11 00:00:00-04:00,4.483182702265249
netvr,2025-10-11 00:00:00-04:00,0.00975
nexo,2025-10-11 00:00:00-04:00,1.1879472734127448
nfp,2025-10-11 00:00:00-04:00,0.04227471227804218
nft,2025-10-11 00:00:00-04:00,4.17903886028144e-07
ngc,2025-10-11 00:00:00-04:00,0.00647
ngl,2025-10-11 00:00:00-04:00,0.00938
nibi,2025-10-11 00:00:00-04:00,0.011708657626058909
nil,2025-10-11 00:00:00-04:00,0.2497
nil,2025-10-11 00:00:00-04:00,0.24170770378796602
nil,2025-10-11 00:00:00-04:00,0.24176034672236577
nim,2025-10-11 00:00:00-04:00,0.0006119
nkn,2025-10-11 00:00:00-04:00,0.0194
nkn,2025-10-11 00:00:00-04:00,0.019315297439409674
nlk,2025-10-11 00:00:00-04:00,0.0008
nmr,2025-10-11 00:00:00-04:00,12.48
nmr,2025-10-11 00:00:00-04:00,12.468379575839649
nobody,2025-10-11 00:00:00-04:00,0.041627513601931884
node,2025-10-11 00:00:00-04:00,0.06312356711922586
nodl,2025-10-11 00:00:00-04:00,0.000269
nos,2025-10-11 00:00:00-04:00,0.439
notai,2025-10-11 00:00:00-04:00,5.02e-06
not,2025-10-11 00:00:00-04:00,0.00089
not,2025-10-11 00:00:00-04:00,0.000889
not,2025-10-11 00:00:00-04:00,0.0008891614402325394
npc,2025-10-11 00:00:00-04:00,0.014318774349171823
nrn,2025-10-11 00:00:00-04:00,0.044784576014832
ns,2025-10-11 00:00:00-04:00,0.09442598690735965
ntrn,2025-10-11 00:00:00-04:00,0.0469
ntrn,2025-10-11 00:00:00-04:00,0.0465954271756419
nuls,2025-10-11 00:00:00-04:00,0.005343197218566133
num,2025-10-11 00:00:00-04:00,0.011502525977871313
nvg8,2025-10-11 00:00:00-04:00,0.00381
nwc,2025-10-11 00:00:00-04:00,0.009394
nxra,2025-10-11 00:00:00-04:00,0.013
nym,2025-10-11 00:00:00-04:00,0.04686
nym,2025-10-11 00:00:00-04:00,0.04751506737353555
oas,2025-10-11 00:00:00-04:00,0.007851768919388461
obi,2025-10-11 00:00:00-04:00,0.00052
obt,2025-10-11 00:00:00-04:00,0.003332771248413425
ocean,2025-10-11 00:00:00-04:00,0.2125
odos,2025-10-11 00:00:00-04:00,0.003385
ofn,2025-10-11 00:00:00-04:00,0.0034999999999999996
ogn,2025-10-11 00:00:00-04:00,0.04517
ogn,2025-10-11 00:00:00-04:00,0.04531221353989144
og,2025-10-11 00:00:00-04:00,15.929185424289377
ohm2,2025-10-11 00:00:00-04:00,21.307620317438587
ohm2,2025-10-11 00:00:00-04:00,21.264888132984986
okb,2025-10-11 00:00:00-04:00,174.5517141332523
omg,2025-10-11 00:00:00-04:00,0.114157
omg,2025-10-11 00:00:00-04:00,0.11613501157990132
omnia,2025-10-11 00:00:00-04:00,0.00665
omni,2025-10-11 00:00:00-04:00,2.175
omn,2025-10-11 00:00:00-04:00,1.21
om,2025-10-11 00:00:00-04:00,0.102
om,2025-10-11 00:00:00-04:00,0.102
om,2025-10-11 00:00:00-04:00,0.10183534536234647
ondo,2025-10-11 00:00:00-04:00,0.7184
ondo,2025-10-11 00:00:00-04:00,0.7184633987414303
ondo,2025-10-11 00:00:00-04:00,0.7173226661353796
one,2025-10-11 00:00:00-04:00,0.006144507289336483
ong,2025-10-11 00:00:00-04:00,0.11698828340062398
ont,2025-10-11 00:00:00-04:00,0.0926
ont,2025-10-11 00:00:00-04:00,0.09258079754208537
ooe,2025-10-11 00:00:00-04:00,0.003523
oort,2025-10-11 00:00:00-04:00,0.041007673252186676
opai,2025-10-11 00:00:00-04:00,1.81e-05
openusdt,2025-10-11 00:00:00-04:00,1.0005133534630815
opul,2025-10-11 00:00:00-04:00,0.02245
op,2025-10-11 00:00:00-04:00,0.4560001295481103
op,2025-10-11 00:00:00-04:00,0.45679757825818873
op,2025-10-11 00:00:00-04:00,0.4561357287442014
orai,2025-10-11 00:00:00-04:00,1.5763650322664398
ora,2025-10-11 00:00:00-04:00,0.077552
orbs,2025-10-11 00:00:00-04:00,0.013059044574673476
orca,2025-10-11 00:00:00-04:00,1.5338
orca,2025-10-11 00:00:00-04:00,1.53
orca,2025-10-11 00:00:00-04:00,1.5311416824359774
order,2025-10-11 00:00:00-04:00,0.21932
order,2025-10-11 00:00:00-04:00,0.21724809961099484
ordidown,2025-10-11 00:00:00-04:00,0.126
ordiup,2025-10-11 00:00:00-04:00,0.0374
ordi,2025-10-11 00:00:00-04:00,4.942
ordi,2025-10-11 00:00:00-04:00,4.941852151159611
osmo,2025-10-11 00:00:00-04:00,0.1131
osmo,2025-10-11 00:00:00-04:00,0.1132
osmo,2025-10-11 00:00:00-04:00,0.11316993960205232
os,2025-10-11 00:00:00-04:00,0.1859587152536026
os,2025-10-11 00:00:00-04:00,0.17723469000000003
otk,2025-10-11 00:00:00-04:00,0.002276
ousd,2025-10-11 00:00:00-04:00,0.9965999910789052
ovr,2025-10-11 00:00:00-04:00,0.1014
oxt,2025-10-11 00:00:00-04:00,0.0395
oxt,2025-10-11 00:00:00-04:00,0.03929852868985639
oxy,2025-10-11 00:00:00-04:00,0.0145
paal,2025-10-11 00:00:00-04:00,0.041500454234218095
pain,2025-10-11 00:00:00-04:00,1.1413
pai,2025-10-11 00:00:00-04:00,0.07687
parti,2025-10-11 00:00:00-04:00,0.0827
parti,2025-10-11 00:00:00-04:00,0.08245517428266019
paws,2025-10-11 00:00:00-04:00,2.1282221118982598e-05
paxg,2025-10-11 00:00:00-04:00,3994.41
paxg,2025-10-11 00:00:00-04:00,3997.18
paxg,2025-10-11 00:00:00-04:00,3992.15
pax,2025-10-11 00:00:00-04:00,0.9917
pax,2025-10-11 00:00:00-04:00,0.9987311412345407
pbux,2025-10-11 00:00:00-04:00,0.0005
pbx,2025-10-11 00:00:00-04:00,0.01805
pda,2025-10-11 00:00:00-04:00,0.00337
pda,2025-10-11 00:00:00-04:00,0.003334
peaq,2025-10-11 00:00:00-04:00,0.08394967693113685
pendle,2025-10-11 00:00:00-04:00,3.356
pendle,2025-10-11 00:00:00-04:00,3.358
pendle,2025-10-11 00:00:00-04:00,3.3491622314980853
pengu,2025-10-11 00:00:00-04:00,0.0217362812227519
pengu,2025-10-11 00:00:00-04:00,0.02173816794792395
pengu,2025-10-11 00:00:00-04:00,0.02171166037068525
pen,2025-10-11 00:00:00-04:00,0.001088
people,2025-10-11 00:00:00-04:00,0.01144
people,2025-10-11 00:00:00-04:00,0.011439468519654189
pepe2,2025-10-11 00:00:00-04:00,6.409e-09
pepedown,2025-10-11 00:00:00-04:00,0.1004
pepeup,2025-10-11 00:00:00-04:00,0.3807
pepe,2025-10-11 00:00:00-04:00,6.73e-06
pepe,2025-10-11 00:00:00-04:00,6.729960576376317e-06
pepe,2025-10-11 00:00:00-04:00,6.720369065706049e-06
perp,2025-10-11 00:00:00-04:00,0.2082
perp,2025-10-11 00:00:00-04:00,0.207655711106888
pha,2025-10-11 00:00:00-04:00,0.0658
pha,2025-10-11 00:00:00-04:00,0.0661
pha,2025-10-11 00:00:00-04:00,0.06603410110922188
phb,2025-10-11 00:00:00-04:00,0.3540232633901097
phil,2025-10-11 00:00:00-04:00,0.00135
piphl,2025-10-11 00:00:00-04:00,5.7404
pip,2025-10-11 00:00:00-04:00,0.00034
pirate,2025-10-11 00:00:00-04:00,0.0117
pit,2025-10-11 00:00:00-04:00,3.418e-10
pi,2025-10-11 00:00:00-04:00,0.20288684191906775
pivx,2025-10-11 00:00:00-04:00,0.20538388636650118
pixel,2025-10-11 00:00:00-04:00,0.01699
pixel,2025-10-11 00:00:00-04:00,0.01698918812875982
pix,2025-10-11 00:00:00-04:00,4.3e-06
plume,2025-10-11 00:00:00-04:00,0.08186
plume,2025-10-11 00:00:00-04:00,0.08187930815447642
plu,2025-10-11 00:00:00-04:00,0.32
plu,2025-10-11 00:00:00-04:00,0.318
pndr,2025-10-11 00:00:00-04:00,0.0012515384963085732
png,2025-10-11 00:00:00-04:00,0.08946651478776045
pnk,2025-10-11 00:00:00-04:00,0.03155
pnut,2025-10-11 00:00:00-04:00,0.1369
pnut,2025-10-11 00:00:00-04:00,0.1367
pnut,2025-10-11 00:00:00-04:00,0.13635975128704872
pokt,2025-10-11 00:00:00-04:00,0.01725
polc,2025-10-11 00:00:00-04:00,0.002523
polis,2025-10-11 00:00:00-04:00,0.056
pols,2025-10-11 00:00:00-04:00,0.12672665634084596
pols,2025-10-11 00:00:00-04:00,0.12540310325776982
pol,2025-10-11 00:00:00-04:00,0.1857
pol,2025-10-11 00:00:00-04:00,0.1857
pol,2025-10-11 00:00:00-04:00,0.18540868660291468
polyx,2025-10-11 00:00:00-04:00,0.0833
pond,2025-10-11 00:00:00-04:00,0.005911
pond,2025-10-11 00:00:00-04:00,0.005898106200667131
ponke,2025-10-11 00:00:00-04:00,0.06027
ponke,2025-10-11 00:00:00-04:00,0.06016046260316795
popcat,2025-10-11 00:00:00-04:00,0.1492
popcat,2025-10-11 00:00:00-04:00,0.14897134137922508
port3,2025-10-11 00:00:00-04:00,0.024140513374733934
portal,2025-10-11 00:00:00-04:00,0.02493
portal,2025-10-11 00:00:00-04:00,0.024989131418383468
porto,2025-10-11 00:00:00-04:00,1.0187247547389686
power,2025-10-11 00:00:00-04:00,0.01059
powr,2025-10-11 00:00:00-04:00,0.1129
powr,2025-10-11 00:00:00-04:00,0.11280000000000001
prcl,2025-10-11 00:00:00-04:00,0.0428
prcl,2025-10-11 00:00:00-04:00,0.04284427880075943
prime,2025-10-11 00:00:00-04:00,1.147
prompt,2025-10-11 00:00:00-04:00,0.08472
prompt,2025-10-11 00:00:00-04:00,0.08457118111831442
prom,2025-10-11 00:00:00-04:00,10.036481244281793
pros,2025-10-11 00:00:00-04:00,0.04409
pro,2025-10-11 00:00:00-04:00,0.6625
psg,2025-10-11 00:00:00-04:00,1.156089296461864
pstake,2025-10-11 00:00:00-04:00,0.01655
pstake,2025-10-11 00:00:00-04:00,0.017246881578854782
puffer,2025-10-11 00:00:00-04:00,0.09868
puffer,2025-10-11 00:00:00-04:00,0.09817190055445196
pundix,2025-10-11 00:00:00-04:00,0.2826
pundix,2025-10-11 00:00:00-04:00,0.28569449706283784
purr,2025-10-11 00:00:00-04:00,0.10601955762514552
push,2025-10-11 00:00:00-04:00,0.026018428628184778
pyr,2025-10-11 00:00:00-04:00,0.718
pyr,2025-10-11 00:00:00-04:00,0.7159115202340333
pythdown,2025-10-11 00:00:00-04:00,0.0844
pythup,2025-10-11 00:00:00-04:00,0.442
pyth,2025-10-11 00:00:00-04:00,0.10782419514812897
pyth,2025-10-11 00:00:00-04:00,0.1079
pyth,2025-10-11 00:00:00-04:00,0.1077027676481891
pyusd,2025-10-11 00:00:00-04:00,1.0001
pyusd,2025-10-11 00:00:00-04:00,1.0000520926464853
pyusd,2025-10-11 00:00:00-04:00,0.99831247697543
pzp,2025-10-11 00:00:00-04:00,0.00687
qi,2025-10-11 00:00:00-04:00,0.00536
qi,2025-10-11 00:00:00-04:00,0.005368163609650631
qkc,2025-10-11 00:00:00-04:00,0.005219236526951038
qnt,2025-10-11 00:00:00-04:00,87.92
qnt,2025-10-11 00:00:00-04:00,87.93
qnt,2025-10-11 00:00:00-04:00,87.84857341684065
qorpo,2025-10-11 00:00:00-04:00,0.00798631021120756
qtum,2025-10-11 00:00:00-04:00,1.87087
qtum,2025-10-11 00:00:00-04:00,1.8615721977509843
quick2,2025-10-11 00:00:00-04:00,0.01768445897334621
quick2,2025-10-11 00:00:00-04:00,0.01765921024397426
quick,2025-10-11 00:00:00-04:00,18.168646189492517
quill,2025-10-11 00:00:00-04:00,0.003202
raca,2025-10-11 00:00:00-04:00,4.49372875485707e-05
rad,2025-10-11 00:00:00-04:00,0.47
rad,2025-10-11 00:00:00-04:00,0.4693909148203748
rairflx,2025-10-11 00:00:00-04:00,4.497184718254759
rairflx,2025-10-11 00:00:00-04:00,4.20548248431531
rai,2025-10-11 00:00:00-04:00,0.2181
raj,2025-10-11 00:00:00-04:00,1.4477506318585958
rare,2025-10-11 00:00:00-04:00,0.038999268611110534
rare,2025-10-11 00:00:00-04:00,0.03888878795480439
rare,2025-10-11 00:00:00-04:00,0.038792705665755316
rari,2025-10-11 00:00:00-04:00,0.665990439222877
rari,2025-10-11 00:00:00-04:00,0.6657
rats,2025-10-11 00:00:00-04:00,1.389680485299889e-05
ray,2025-10-11 00:00:00-04:00,1.871
ray,2025-10-11 00:00:00-04:00,1.871
ray,2025-10-11 00:00:00-04:00,1.8679901807141845
rbc,2025-10-11 00:00:00-04:00,0.00924
rdnt,2025-10-11 00:00:00-04:00,0.023074761307918926
react,2025-10-11 00:00:00-04:00,0.1023
ready,2025-10-11 00:00:00-04:00,0.033783
redo,2025-10-11 00:00:00-04:00,0.0532
redstone,2025-10-11 00:00:00-04:00,0.3618
red,2025-10-11 00:00:00-04:00,0.3622
red,2025-10-11 00:00:00-04:00,0.3626
red,2025-10-11 00:00:00-04:00,0.36251367785144173
reef,2025-10-11 00:00:00-04:00,0.00018977911978114724
rei,2025-10-11 00:00:00-04:00,0.011186164967882758
rekt,2025-10-11 00:00:00-04:00,5.2276e-07
render,2025-10-11 00:00:00-04:00,2.371
render,2025-10-11 00:00:00-04:00,2.369067947838024
render,2025-10-11 00:00:00-04:00,2.3665156185269987
ren,2025-10-11 00:00:00-04:00,0.00617
ren,2025-10-11 00:00:00-04:00,0.006148
rep2,2025-10-11 00:00:00-04:00,1.12
rep,2025-10-11 00:00:00-04:00,1.042
req,2025-10-11 00:00:00-04:00,0.1205
req,2025-10-11 00:00:00-04:00,0.1212
reth,2025-10-11 00:00:00-04:00,4295.970241697097
revu,2025-10-11 00:00:00-04:00,0.003548
rez,2025-10-11 00:00:00-04:00,0.00984
rez,2025-10-11 00:00:00-04:00,0.00985
rez,2025-10-11 00:00:00-04:00,0.00984714881993007
rfc,2025-10-11 00:00:00-04:00,0.010692
rfc,2025-10-11 00:00:00-04:00,0.010669063798825401
rifsol,2025-10-11 00:00:00-04:00,0.00105
rif,2025-10-11 00:00:00-04:00,0.04468
rio,2025-10-11 00:00:00-04:00,0.21669448916813044
riz,2025-10-11 00:00:00-04:00,0.0017534574590282151
rlb,2025-10-11 00:00:00-04:00,0.0667639213
rlb,2025-10-11 00:00:00-04:00,0.06717613558638362
rlc,2025-10-11 00:00:00-04:00,0.8104
rlc,2025-10-11 00:00:00-04:00,0.805871888491545
rlusd,2025-10-11 00:00:00-04:00,0.9997
rlusd,2025-10-11 00:00:00-04:00,0.9998
rlusd,2025-10-11 00:00:00-04:00,0.99853
rmv,2025-10-11 00:00:00-04:00,0.005060926136363637
rndr,2025-10-11 00:00:00-04:00,2.486
roam,2025-10-11 00:00:00-04:00,0.048
ronin,2025-10-11 00:00:00-04:00,0.362
ronin,2025-10-11 00:00:00-04:00,0.3616581985472155
ron,2025-10-11 00:00:00-04:00,0.3635
roobee,2025-10-11 00:00:00-04:00,0.0001409
rook,2025-10-11 00:00:00-04:00,0.89
root,2025-10-11 00:00:00-04:00,0.0013130365863665294
rose,2025-10-11 00:00:00-04:00,0.01875
rose,2025-10-11 00:00:00-04:00,0.018708690258781187
ro,2025-10-11 00:00:00-04:00,1.738
route,2025-10-11 00:00:00-04:00,0.004516
rpk,2025-10-11 00:00:00-04:00,0.00018
rpl,2025-10-11 00:00:00-04:00,3.57
rpl,2025-10-11 00:00:00-04:00,3.54
rpl,2025-10-11 00:00:00-04:00,3.552469280948399
rsr,2025-10-11 00:00:00-04:00,0.004779
rsr,2025-10-11 00:00:00-04:00,0.004774
rsr,2025-10-11 00:00:00-04:00,0.004771261828469703
rune,2025-10-11 00:00:00-04:00,0.87
rune,2025-10-11 00:00:00-04:00,0.863
rune,2025-10-11 00:00:00-04:00,0.8621666750460025
rvn,2025-10-11 00:00:00-04:00,0.008979906425544257
rwa,2025-10-11 00:00:00-04:00,0.0052389634800192935
rx,2025-10-11 00:00:00-04:00,0.1931
safe,2025-10-11 00:00:00-04:00,0.2678
safe,2025-10-11 00:00:00-04:00,0.2672968531217463
saga,2025-10-11 00:00:00-04:00,0.1205
saga,2025-10-11 00:00:00-04:00,0.1211
saga,2025-10-11 00:00:00-04:00,0.12108666689250688
samo,2025-10-11 00:00:00-04:00,0.0013171
samo,2025-10-11 00:00:00-04:00,0.0013171
samo,2025-10-11 00:00:00-04:00,0.00112
sand,2025-10-11 00:00:00-04:00,0.19447395075794627
sand,2025-10-11 00:00:00-04:00,0.1945
sand,2025-10-11 00:00:00-04:00,0.1941117186561621
santos,2025-10-11 00:00:00-04:00,1.3860898167750226
saros,2025-10-11 00:00:00-04:00,0.2531134784758816
sats,2025-10-11 00:00:00-04:00,2.4251998394002455e-08
savm,2025-10-11 00:00:00-04:00,0.0942
sbr,2025-10-11 00:00:00-04:00,0.000726
sbr,2025-10-11 00:00:00-04:00,0.0007314330643991528
sca,2025-10-11 00:00:00-04:00,0.07080068168182728
scbtc,2025-10-11 00:00:00-04:00,110257.402
scf,2025-10-11 00:00:00-04:00,0.002308
scpt,2025-10-11 00:00:00-04:00,0.0003802799155655489
scrt,2025-10-11 00:00:00-04:00,0.1676
scrt,2025-10-11 00:00:00-04:00,0.16828586269132836
scr,2025-10-11 00:00:00-04:00,0.16761016784260832
sc,2025-10-11 00:00:00-04:00,0.002092
sc,2025-10-11 00:00:00-04:00,0.0020820142109914674
scusd,2025-10-11 00:00:00-04:00,0.9968951793086256
scusd,2025-10-11 00:00:00-04:00,0.9969945278387611
sdai,2025-10-11 00:00:00-04:00,1.1663926751886315
sdm,2025-10-11 00:00:00-04:00,0.001741
sdn,2025-10-11 00:00:00-04:00,0.0393
sd,2025-10-11 00:00:00-04:00,0.4161
sd,2025-10-11 00:00:00-04:00,0.413407954397142
seam,2025-10-11 00:00:00-04:00,0.2556
seam,2025-10-11 00:00:00-04:00,0.2572
seed,2025-10-11 00:00:00-04:00,0.000762244879808618
seidown,2025-10-11 00:00:00-04:00,0.1336
seiup,2025-10-11 00:00:00-04:00,1.59e-05
sei,2025-10-11 00:00:00-04:00,0.20428
sei,2025-10-11 00:00:00-04:00,0.2042
sei,2025-10-11 00:00:00-04:00,0.2039928618402553
seiyan,2025-10-11 00:00:00-04:00,0.0024617253489759698
send,2025-10-11 00:00:00-04:00,0.38959999999999995
senso,2025-10-11 00:00:00-04:00,0.003081120124519319
seraph,2025-10-11 00:00:00-04:00,0.03826854684908791
sfi,2025-10-11 00:00:00-04:00,0.0219
sfp,2025-10-11 00:00:00-04:00,0.3836633918348782
sgb,2025-10-11 00:00:00-04:00,0.00396
shadow,2025-10-11 00:00:00-04:00,5.912290058346697
shadow,2025-10-11 00:00:00-04:00,5.894039615813216
shdw,2025-10-11 00:00:00-04:00,0.081
shell,2025-10-11 00:00:00-04:00,0.0758
shell,2025-10-11 00:00:00-04:00,0.0758
shib2l,2025-10-11 00:00:00-04:00,0.0881
shib2s,2025-10-11 00:00:00-04:00,0.002572
shib,2025-10-11 00:00:00-04:00,9.959708272684323e-06
shib,2025-10-11 00:00:00-04:00,9.955170345429696e-06
shib,2025-10-11 00:00:00-04:00,9.947918170560539e-06
shm,2025-10-11 00:00:00-04:00,0.03834058153293308
shping,2025-10-11 00:00:00-04:00,0.003599
shrap,2025-10-11 00:00:00-04:00,0.002595
shr,2025-10-11 00:00:00-04:00,0.000925
sidus,2025-10-11 00:00:00-04:00,0.000436
sigma,2025-10-11 00:00:00-04:00,0.00733
sign,2025-10-11 00:00:00-04:00,0.04063
sign,2025-10-11 00:00:00-04:00,0.04062307000740014
silly,2025-10-11 00:00:00-04:00,0.00091
sin,2025-10-11 00:00:00-04:00,0.0010547356436759357
siren,2025-10-11 00:00:00-04:00,0.09218
skey,2025-10-11 00:00:00-04:00,0.00492
skl,2025-10-11 00:00:00-04:00,0.0192
skl,2025-10-11 00:00:00-04:00,0.019183801106371245
sky,2025-10-11 00:00:00-04:00,0.05797
sky,2025-10-11 00:00:00-04:00,0.05801838198406728
slc,2025-10-11 00:00:00-04:00,0.00025392
slerf,2025-10-11 00:00:00-04:00,0.06294
slf,2025-10-11 00:00:00-04:00,0.00711
slim,2025-10-11 00:00:00-04:00,0.02714
sling,2025-10-11 00:00:00-04:00,0.0010622
sln,2025-10-11 00:00:00-04:00,0.0226
slp,2025-10-11 00:00:00-04:00,0.001224948039825762
smile,2025-10-11 00:00:00-04:00,0.0087
smt,2025-10-11 00:00:00-04:00,0.0719
snai,2025-10-11 00:00:00-04:00,0.004735
snek,2025-10-11 00:00:00-04:00,0.003031
sns,2025-10-11 00:00:00-04:00,0.0019133
snt,2025-10-11 00:00:00-04:00,0.018225626499319254
snx,2025-10-11 00:00:00-04:00,0.943
snx,2025-10-11 00:00:00-04:00,0.9415494354370986
sol3l,2025-10-11 00:00:00-04:00,0.14618552
sol3s,2025-10-11 00:00:00-04:00,0.383
solayer,2025-10-11 00:00:00-04:00,0.28354
sol,2025-10-11 00:00:00-04:00,177.80940214268648
sol,2025-10-11 00:00:00-04:00,177.83640410027596
sol,2025-10-11 00:00:00-04:00,177.6055285500608
solvbtc,2025-10-11 00:00:00-04:00,110573.53630130795
solv,2025-10-11 00:00:00-04:00,0.01893486728316239
sonic,2025-10-11 00:00:00-04:00,0.11676
sonic,2025-10-11 00:00:00-04:00,0.11704896698726187
soul,2025-10-11 00:00:00-04:00,0.02073
spa,2025-10-11 00:00:00-04:00,0.008201
spa,2025-10-11 00:00:00-04:00,0.008094061333889792
spell,2025-10-11 00:00:00-04:00,0.0003311
spell,2025-10-11 00:00:00-04:00,0.0003292404514324183
spice,2025-10-11 00:00:00-04:00,1.174e-05
spk,2025-10-11 00:00:00-04:00,0.03781
spx,2025-10-11 00:00:00-04:00,1.0492
spx,2025-10-11 00:00:00-04:00,1.0479338400374183
sqd,2025-10-11 00:00:00-04:00,0.188884638807183
sqr,2025-10-11 00:00:00-04:00,0.00509
srm,2025-10-11 00:00:00-04:00,0.01264
srm,2025-10-11 00:00:00-04:00,0.012794523512739813
srm,2025-10-11 00:00:00-04:00,0.01009
ssv,2025-10-11 00:00:00-04:00,4.741
ssv,2025-10-11 00:00:00-04:00,4.847892646991078
stage,2025-10-11 00:00:00-04:00,3.23e-05
steem,2025-10-11 00:00:00-04:00,0.0912
steem,2025-10-11 00:00:00-04:00,0.09148971783589581
step,2025-10-11 00:00:00-04:00,0.0431
step,2025-10-11 00:00:00-04:00,0.04301729197658722
steth,2025-10-11 00:00:00-04:00,3743.492929105754
stg,2025-10-11 00:00:00-04:00,0.1566
stg,2025-10-11 00:00:00-04:00,0.15660259356825817
stnd,2025-10-11 00:00:00-04:00,0.00071
stnk,2025-10-11 00:00:00-04:00,9.39744962962963
stnk,2025-10-11 00:00:00-04:00,9.04
stop,2025-10-11 00:00:00-04:00,0.06154
storj,2025-10-11 00:00:00-04:00,0.16096
storj,2025-10-11 00:00:00-04:00,0.1607151031167361
storm,2025-10-11 00:00:00-04:00,0.01058
sto,2025-10-11 00:00:00-04:00,0.18154809171952035
sto,2025-10-11 00:00:00-04:00,0.18172650956545577
strax,2025-10-11 00:00:00-04:00,0.03219486663571171
strd,2025-10-11 00:00:00-04:00,0.0691
stream,2025-10-11 00:00:00-04:00,0.0577
strk,2025-10-11 00:00:00-04:00,0.115
strk,2025-10-11 00:00:00-04:00,0.1156
strk,2025-10-11 00:00:00-04:00,0.11560955867316358
strx,2025-10-11 00:00:00-04:00,0.38907
stsol,2025-10-11 00:00:00-04:00,217.70852293405298
stsol,2025-10-11 00:00:00-04:00,216.11663518968163
sts,2025-10-11 00:00:00-04:00,0.18361714166666668
stx,2025-10-11 00:00:00-04:00,0.422
stx,2025-10-11 00:00:00-04:00,0.423
stx,2025-10-11 00:00:00-04:00,0.4214349425608884
sui3l,2025-10-11 00:00:00-04:00,0.0001587
sui3s,2025-10-11 00:00:00-04:00,0.1204
suip,2025-10-11 00:00:00-04:00,0.009546463714237997
sui,2025-10-11 00:00:00-04:00,2.5440873775046806
sui,2025-10-11 00:00:00-04:00,2.543964584818787
sui,2025-10-11 00:00:00-04:00,2.541197022983424
suku,2025-10-11 00:00:00-04:00,0.021
suku,2025-10-11 00:00:00-04:00,0.02093
sundog,2025-10-11 00:00:00-04:00,0.02083
sundog,2025-10-11 00:00:00-04:00,0.020670095494152312
sun,2025-10-11 00:00:00-04:00,0.02395
sun,2025-10-11 00:00:00-04:00,0.023839233284951827
super,2025-10-11 00:00:00-04:00,0.3994
super,2025-10-11 00:00:00-04:00,0.3989
supra,2025-10-11 00:00:00-04:00,0.001956
s,2025-10-11 00:00:00-04:00,0.17866
s,2025-10-11 00:00:00-04:00,0.17857240268111105
susde,2025-10-11 00:00:00-04:00,1.1970132488396417
susde,2025-10-11 00:00:00-04:00,1.200329905263827
s,2025-10-11 00:00:00-04:00,0.17838072351811757
susd,2025-10-11 00:00:00-04:00,0.9942632876223246
sushi3l,2025-10-11 00:00:00-04:00,7.73e-05
sushi3s,2025-10-11 00:00:00-04:00,0.0831
sushi:,2025-10-11 00:00:00-04:00,0.49807
sushi,2025-10-11 00:00:00-04:00,0.4993
sushi,2025-10-11 00:00:00-04:00,0.49797884550804233
swap,2025-10-11 00:00:00-04:00,0.06443275692485793
swarms,2025-10-11 00:00:00-04:00,0.01198
swarms,2025-10-11 00:00:00-04:00,0.012186533832405916
sweat,2025-10-11 00:00:00-04:00,0.001564281987711717
swell,2025-10-11 00:00:00-04:00,0.00609
swell,2025-10-11 00:00:00-04:00,0.006081915564021204
swftc,2025-10-11 00:00:00-04:00,0.00711
swftc,2025-10-11 00:00:00-04:00,0.00707432926119854
swpx,2025-10-11 00:00:00-04:00,0.029871602915752967
sxdai,2025-10-11 00:00:00-04:00,1.204278000982422
sxdai,2025-10-11 00:00:00-04:00,1.2045145044209464
sxp,2025-10-11 00:00:00-04:00,0.1184
sxt,2025-10-11 00:00:00-04:00,0.0589
sxt,2025-10-11 00:00:00-04:00,0.05895
sxt,2025-10-11 00:00:00-04:00,0.058841187623362386
sylo,2025-10-11 00:00:00-04:00,7.75e-05
synt,2025-10-11 00:00:00-04:00,0.010699504100037008
syn,2025-10-11 00:00:00-04:00,0.0749
syn,2025-10-11 00:00:00-04:00,0.0748
syn,2025-10-11 00:00:00-04:00,0.07490528600480115
syrup,2025-10-11 00:00:00-04:00,0.3348
syrup,2025-10-11 00:00:00-04:00,0.3346
syrupusdc,2025-10-11 00:00:00-04:00,1.1298537110146196
syrup,2025-10-11 00:00:00-04:00,0.33420604082292665
sys,2025-10-11 00:00:00-04:00,0.025702391731742432
tada,2025-10-11 00:00:00-04:00,0.00203
taiko,2025-10-11 00:00:00-04:00,0.2720995839562339
tai,2025-10-11 00:00:00-04:00,0.04522332871252816
taocat,2025-10-11 00:00:00-04:00,0.00038
tao,2025-10-11 00:00:00-04:00,298.02
tao,2025-10-11 00:00:00-04:00,297.97429241508195
tao,2025-10-11 00:00:00-04:00,297.53930264880245
tap,2025-10-11 00:00:00-04:00,0.404
tara,2025-10-11 00:00:00-04:00,0.0008713092076517983
tbtc,2025-10-11 00:00:00-04:00,111286.6
tbtc,2025-10-11 00:00:00-04:00,110519.19567928178
teer,2025-10-11 00:00:00-04:00,0.0859
tel,2025-10-11 00:00:00-04:00,0.0035124824709065073
tel,2025-10-11 00:00:00-04:00,0.003512609393759086
term,2025-10-11 00:00:00-04:00,0.439
testmon,2025-10-11 00:00:00-04:00,3.2162216066790403
testmon,2025-10-11 00:00:00-04:00,3.226718306762613
teva,2025-10-11 00:00:00-04:00,0.003572
tfuel,2025-10-11 00:00:00-04:00,0.02514
theta,2025-10-11 00:00:00-04:00,0.484
theta,2025-10-11 00:00:00-04:00,0.4834639668362968
the,2025-10-11 00:00:00-04:00,0.2617
the,2025-10-11 00:00:00-04:00,0.2614482409925221
tiaup,2025-10-11 00:00:00-04:00,0.7841
tia,2025-10-11 00:00:00-04:00,0.926
tia,2025-10-11 00:00:00-04:00,0.927
tia,2025-10-11 00:00:00-04:00,0.9248119570410245
tibbir,2025-10-11 00:00:00-04:00,0.20118507638025998
time,2025-10-11 00:00:00-04:00,8.6
time,2025-10-11 00:00:00-04:00,8.59173700305811
titcoin,2025-10-11 00:00:00-04:00,0.00251
titcoin,2025-10-11 00:00:00-04:00,0.002533
tko,2025-10-11 00:00:00-04:00,0.1296
tlm,2025-10-11 00:00:00-04:00,0.00333
tlm,2025-10-11 00:00:00-04:00,0.00335
tlm,2025-10-11 00:00:00-04:00,0.003347564033737733
tlos,2025-10-11 00:00:00-04:00,0.031152054733416108
tngospageur,2025-10-11 00:00:00-04:00,1.1513798623998988
tngospalp,2025-10-11 00:00:00-04:00,1.01
tngospausd,2025-10-11 00:00:00-04:00,0.9990005497800716
tngospausd,2025-10-11 00:00:00-04:00,0.9983018266704976
tngospbcspx,2025-10-11 00:00:00-04:00,695.8993046712695
tngospbold,2025-10-11 00:00:00-04:00,0.9848308628298188
tngospbusd,2025-10-11 00:00:00-04:00,0.999802797283843
tngospbusd,2025-10-11 00:00:00-04:00,1.0009732901434343
tngospcbbtc,2025-10-11 00:00:00-04:00,110809.31714261288
tngospcrvusd,2025-10-11 00:00:00-04:00,0.9993416893003236
tngospcrvusd,2025-10-11 00:00:00-04:00,0.9992173418078354
tngospcusdo,2025-10-11 00:00:00-04:00,1.0176453094517817
tngospcusd,2025-10-11 00:00:00-04:00,0.999986741789209
tngospcusd,2025-10-11 00:00:00-04:00,0.999017599692664
tngospdai,2025-10-11 00:00:00-04:00,1.0000173536998995
tngospdai,2025-10-11 00:00:00-04:00,0.9993983962814833
tngospdeusd,2025-10-11 00:00:00-04:00,0.9996773752265087
tngospdeusd,2025-10-11 00:00:00-04:00,0.9985881413062085
tngospdolo,2025-10-11 00:00:00-04:00,0.0739195513492003
tngospdrb,2025-10-11 00:00:00-04:00,7.61708792448972e-05
tngospeurc,2025-10-11 00:00:00-04:00,1.1489381000988308
tngospeure,2025-10-11 00:00:00-04:00,1.13886893950733
tngospeusd,2025-10-11 00:00:00-04:00,1.0001633501210347
tngospfai,2025-10-11 00:00:00-04:00,0.010338634291560294
tngospfrax,2025-10-11 00:00:00-04:00,0.9974202973595593
tngospfrax,2025-10-11 00:00:00-04:00,0.9978227666869808
tngospgho,2025-10-11 00:00:00-04:00,0.9999432524711981
tngospgrail,2025-10-11 00:00:00-04:00,244.57285949927132
tngospharambe,2025-10-11 00:00:00-04:00,0.0015690537239803593
tngosphouse,2025-10-11 00:00:00-04:00,0.057695623900684286
tngosphyusd,2025-10-11 00:00:00-04:00,1.09935826879164
tngospjitosol,2025-10-11 00:00:00-04:00,219.3834691082854
tngospjlp,2025-10-11 00:00:00-04:00,5.252942553856665
tngospklima,2025-10-11 00:00:00-04:00,0.2767079162068384
tngospkudai,2025-10-11 00:00:00-04:00,6.08604174790659e-05
tngosplisusd,2025-10-11 00:00:00-04:00,0.9991838179740514
tngosplseth,2025-10-11 00:00:00-04:00,4049.313529820644
tngosplusd,2025-10-11 00:00:00-04:00,1.0002206053404334
tngosplusd,2025-10-11 00:00:00-04:00,0.9988846777893876
tngosplvlusd,2025-10-11 00:00:00-04:00,0.9995102447106468
tngospmag7ssi,2025-10-11 00:00:00-04:00,0.911225749757097
tngospmetro,2025-10-11 00:00:00-04:00,0.10541794131718173
tngospmimatic,2025-10-11 00:00:00-04:00,0.989020311348483
tngospmimatic,2025-10-11 00:00:00-04:00,0.9887336863719458
tngospmim,2025-10-11 00:00:00-04:00,0.9998846767719316
tngospmim,2025-10-11 00:00:00-04:00,0.9988630415405061
tngospmoobifi,2025-10-11 00:00:00-04:00,181.128602886469
tngospmsol,2025-10-11 00:00:00-04:00,234.84334756553346
tngospmyx,2025-10-11 00:00:00-04:00,4.055158269210641
tngospnile,2025-10-11 00:00:00-04:00,0.0861991976096535
tngospohm2,2025-10-11 00:00:00-04:00,21.2355606962959
tngospopenusdt,2025-10-11 00:00:00-04:00,1.0005005005005003
tngospopenusdt,2025-10-11 00:00:00-04:00,0.9995
tngospos,2025-10-11 00:00:00-04:00,0.1776562994055813
tngosppyusd,2025-10-11 00:00:00-04:00,1.0001447375190093
tngosppyusd,2025-10-11 00:00:00-04:00,0.9991635445029076
tngosprairflx,2025-10-11 00:00:00-04:00,3.7079257350415324
tngosprairflx,2025-10-11 00:00:00-04:00,4.210533386679712
tngospretardio,2025-10-11 00:00:00-04:00,0.02142910771261903
tngosprlb,2025-10-11 00:00:00-04:00,0.066854815238423
tngosprlb,2025-10-11 00:00:00-04:00,0.0669955586995496
tngospscbtc,2025-10-11 00:00:00-04:00,110549.92558158496
tngospscusd,2025-10-11 00:00:00-04:00,0.9971272335011836
tngospshadow,2025-10-11 00:00:00-04:00,6.015637962921876
tngospsrm,2025-10-11 00:00:00-04:00,0.012867062866552493
tngospstbt,2025-10-11 00:00:00-04:00,0.9974844467388537
tngospstbt,2025-10-11 00:00:00-04:00,0.9959642712030561
tngospsts,2025-10-11 00:00:00-04:00,0.18449712232551546
tngosps,2025-10-11 00:00:00-04:00,0.17858183924430882
tngospsusde,2025-10-11 00:00:00-04:00,1.191625451988367
tngospsusde,2025-10-11 00:00:00-04:00,1.1901014892300967
tngospswpx,2025-10-11 00:00:00-04:00,0.03142440186173218
tngospsyrupusdc,2025-10-11 00:00:00-04:00,1.1282721470689243
tngosptbtc,2025-10-11 00:00:00-04:00,110842.49006093616
tngosptrencher,2025-10-11 00:00:00-04:00,0.00220190749321419
tngosptroll,2025-10-11 00:00:00-04:00,0.08807458754084359
tngospusda,2025-10-11 00:00:00-04:00,0.991561680201466
tngospusdc,2025-10-11 00:00:00-04:00,0.9985004995004996
tngospusde,2025-10-11 00:00:00-04:00,1.000175157023271
tngospusde,2025-10-11 00:00:00-04:00,0.9991405101578039
tngospusdf,2025-10-11 00:00:00-04:00,0.9958167519665293
tngospusdf,2025-10-11 00:00:00-04:00,0.99484880931641
tngospusdg,2025-10-11 00:00:00-04:00,1.000059543494618
tngospusdl,2025-10-11 00:00:00-04:00,0.9985093158381535
tngospusdm,2025-10-11 00:00:00-04:00,0.977276363513713
tngospusdm,2025-10-11 00:00:00-04:00,0.9857545234051763
tngospusdone,2025-10-11 00:00:00-04:00,1.0000046080658
tngospusdone,2025-10-11 00:00:00-04:00,0.9988541738902542
tngospusdplus,2025-10-11 00:00:00-04:00,0.9997480066395564
tngospusds,2025-10-11 00:00:00-04:00,0.9998449951589052
tngospusdtb,2025-10-11 00:00:00-04:00,0.9995588477023435
tngospusdx,2025-10-11 00:00:00-04:00,0.9974508056736182
tngospusdzeroplpl,2025-10-11 00:00:00-04:00,1.00040270524809
tngospusdzero,2025-10-11 00:00:00-04:00,0.9983265233547263
tngospusdzero,2025-10-11 00:00:00-04:00,0.9970865532325265
tngospusdz,2025-10-11 00:00:00-04:00,0.9892153592836541
tngospusr,2025-10-11 00:00:00-04:00,0.9996432023342892
tngospusr,2025-10-11 00:00:00-04:00,0.9989042769658388
tngosputy,2025-10-11 00:00:00-04:00,0.9996410124311574
tngospvai,2025-10-11 00:00:00-04:00,0.9988961485994575
tngospvai,2025-10-11 00:00:00-04:00,0.9988874448834664
tngospwbcoin,2025-10-11 00:00:00-04:00,335.5682709822544
tngospwbtc,2025-10-11 00:00:00-04:00,111055.454222291
tngospwbtc,2025-10-11 00:00:00-04:00,110918.27411992793
tngospwsteth,2025-10-11 00:00:00-04:00,4553.64202072368
tngospx33,2025-10-11 00:00:00-04:00,10.989673677922838
tngospxsgd,2025-10-11 00:00:00-04:00,0.7689785293406601
tngospxusdarb,2025-10-11 00:00:00-04:00,1.00006957174608
tngospyu,2025-10-11 00:00:00-04:00,0.9998938828920755
tngospzbtc,2025-10-11 00:00:00-04:00,110381.87914256858
tnsr,2025-10-11 00:00:00-04:00,0.065
tnsr,2025-10-11 00:00:00-04:00,0.0656
tnsr,2025-10-11 00:00:00-04:00,0.0654958149163212
token,2025-10-11 00:00:00-04:00,0.0087
token,2025-10-11 00:00:00-04:00,0.008608624062929376
toke,2025-10-11 00:00:00-04:00,0.1964
toly,2025-10-11 00:00:00-04:00,9.373498986054653
tomi,2025-10-11 00:00:00-04:00,2.1703346312521078e-05
ton,2025-10-11 00:00:00-04:00,2.097
ton,2025-10-11 00:00:00-04:00,2.0989042027239546
ton,2025-10-11 00:00:00-04:00,2.096653051903106
top,2025-10-11 00:00:00-04:00,9.6e-05
torn,2025-10-11 00:00:00-04:00,14.442958337777682
toshi,2025-10-11 00:00:00-04:00,0.0007759440367098718
toshi,2025-10-11 00:00:00-04:00,0.0007750857260686627
tower,2025-10-11 00:00:00-04:00,0.0010666
trac,2025-10-11 00:00:00-04:00,0.5700118789502889
trac,2025-10-11 00:00:00-04:00,0.5698780319694116
trade,2025-10-11 00:00:00-04:00,0.08493330745693561
trb,2025-10-11 00:00:00-04:00,22.68
trb,2025-10-11 00:00:00-04:00,22.65
trb,2025-10-11 00:00:00-04:00,22.636312220318647
treat,2025-10-11 00:00:00-04:00,0.0009850871492490146
tremp,2025-10-11 00:00:00-04:00,0.01354
tribe,2025-10-11 00:00:00-04:00,0.5964756849315068
trisig,2025-10-11 00:00:00-04:00,0.00040708
troll,2025-10-11 00:00:00-04:00,0.08860672098407404
troll,2025-10-11 00:00:00-04:00,2.604e-09
truf,2025-10-11 00:00:00-04:00,0.015164444088433194
trump,2025-10-11 00:00:00-04:00,5.869834045024386
trump,2025-10-11 00:00:00-04:00,5.869750727565884
trump,2025-10-11 00:00:00-04:00,5.862860553646291
tru,2025-10-11 00:00:00-04:00,0.01871
tru,2025-10-11 00:00:00-04:00,0.018863681154351664
trvl,2025-10-11 00:00:00-04:00,0.006530068308822761
trx,2025-10-11 00:00:00-04:00,0.31461
trx,2025-10-11 00:00:00-04:00,0.3146871409937922
trx,2025-10-11 00:00:00-04:00,0.31438192908450857
tstbsc,2025-10-11 00:00:00-04:00,0.0212
tst,2025-10-11 00:00:00-04:00,0.02124
tst,2025-10-11 00:00:00-04:00,0.009189634710483941
tsugt,2025-10-11 00:00:00-04:00,0.0001008
tt,2025-10-11 00:00:00-04:00,0.001613
turbos,2025-10-11 00:00:00-04:00,0.0005537
turbo,2025-10-11 00:00:00-04:00,0.002445
turbo,2025-10-11 00:00:00-04:00,0.002444
turbo,2025-10-11 00:00:00-04:00,0.0024419889671476415
t,2025-10-11 00:00:00-04:00,0.01203
t,2025-10-11 00:00:00-04:00,0.01193
t,2025-10-11 00:00:00-04:00,0.01197
tusd,2025-10-11 00:00:00-04:00,0.9651
tusd,2025-10-11 00:00:00-04:00,0.9966723232710322
tut,2025-10-11 00:00:00-04:00,0.03357
tut,2025-10-11 00:00:00-04:00,0.0335797675269278
tvk,2025-10-11 00:00:00-04:00,0.01772
twt,2025-10-11 00:00:00-04:00,1.2954786637983156
u2u,2025-10-11 00:00:00-04:00,0.006191509630860361
udc,2025-10-11 00:00:00-04:00,1.0012
ufd,2025-10-11 00:00:00-04:00,0.01315
ufd,2025-10-11 00:00:00-04:00,0.012946864825842355
ulti,2025-10-11 00:00:00-04:00,0.0012184751878799146
uma,2025-10-11 00:00:00-04:00,0.922
uma,2025-10-11 00:00:00-04:00,0.9193376443185587
una,2025-10-11 00:00:00-04:00,0.04229
unfi,2025-10-11 00:00:00-04:00,0.1395
unfi,2025-10-11 00:00:00-04:00,0.1383
uni3l,2025-10-11 00:00:00-04:00,0.0002527
uni3s,2025-10-11 00:00:00-04:00,0.1013
uni,2025-10-11 00:00:00-04:00,5.86
uni,2025-10-11 00:00:00-04:00,5.859916107904085
uni,2025-10-11 00:00:00-04:00,5.853732705871793
uno,2025-10-11 00:00:00-04:00,0.00259
uos,2025-10-11 00:00:00-04:00,0.02512
uos,2025-10-11 00:00:00-04:00,0.026587052345828158
upo,2025-10-11 00:00:00-04:00,0.0035
uqc,2025-10-11 00:00:00-04:00,3.3846
uro,2025-10-11 00:00:00-04:00,0.000775
usa,2025-10-11 00:00:00-04:00,4.531862374745276e-07
usdbc,2025-10-11 00:00:00-04:00,0.9997565737162578
usdbc,2025-10-11 00:00:00-04:00,0.9999565702615143
usdcet,2025-10-11 00:00:00-04:00,0.9997409842562096
usdcet,2025-10-11 00:00:00-04:00,0.999819169467034
usdc,2025-10-11 00:00:00-04:00,0.9998074747888815
usdc,2025-10-11 00:00:00-04:00,0.9988861331683561
usdd,2025-10-11 00:00:00-04:00,0.9951
usdd,2025-10-11 00:00:00-04:00,0.9998
usde,2025-10-11 00:00:00-04:00,1.000485776992491
usde,2025-10-11 00:00:00-04:00,1.0005
usde,2025-10-11 00:00:00-04:00,0.9993
usdf,2025-10-11 00:00:00-04:00,0.9957546271062717
usdf,2025-10-11 00:00:00-04:00,0.9949481439431925
usdg,2025-10-11 00:00:00-04:00,0.9999509529301195
usdg,2025-10-11 00:00:00-04:00,1.0001595759539408
usdg,2025-10-11 00:00:00-04:00,0.9987924235264594
usdj,2025-10-11 00:00:00-04:00,1.2263
usdone,2025-10-11 00:00:00-04:00,0.9999046287652404
usdone,2025-10-11 00:00:00-04:00,0.9989928064869483
usdplus,2025-10-11 00:00:00-04:00,0.9998962657935095
usdp,2025-10-11 00:00:00-04:00,0.9989
usdq,2025-10-11 00:00:00-04:00,0.998
usdq,2025-10-11 00:00:00-04:00,0.9989
usdr,2025-10-11 00:00:00-04:00,0.9993
usdr,2025-10-11 00:00:00-04:00,0.9996
usdr,2025-10-11 00:00:00-04:00,0.9982
usds,2025-10-11 00:00:00-04:00,0.9999440531926588
usds,2025-10-11 00:00:00-04:00,0.998763014773965
usdtb,2025-10-11 00:00:00-04:00,0.9999177171428573
usdt,2025-10-11 00:00:00-04:00,1.001030146661105
usdt,2025-10-11 00:00:00-04:00,1.0011
usdy,2025-10-11 00:00:00-04:00,1.108730768334199
usdy,2025-10-11 00:00:00-04:00,1.1094
usdzero,2025-10-11 00:00:00-04:00,0.9982560577622746
usdzero,2025-10-11 00:00:00-04:00,0.9984530176519422
usdzero,2025-10-11 00:00:00-04:00,0.9966065201464618
usdz,2025-10-11 00:00:00-04:00,0.9910536062365749
useless,2025-10-11 00:00:00-04:00,0.219597
usr,2025-10-11 00:00:00-04:00,0.9997046340502683
usr,2025-10-11 00:00:00-04:00,0.999902375448198
usr,2025-10-11 00:00:00-04:00,0.9995720458168645
ustc,2025-10-11 00:00:00-04:00,0.00779
ust,2025-10-11 00:00:00-04:00,0.00816
ust,2025-10-11 00:00:00-04:00,0.00774
ust,2025-10-11 00:00:00-04:00,0.0078
usual,2025-10-11 00:00:00-04:00,0.0299
usual,2025-10-11 00:00:00-04:00,0.03
usual,2025-10-11 00:00:00-04:00,0.03001769301400396
utk,2025-10-11 00:00:00-04:00,0.0196
utk,2025-10-11 00:00:00-04:00,0.019971244975228102
uty,2025-10-11 00:00:00-04:00,0.999740980582736
uxd,2025-10-11 00:00:00-04:00,1.005622570826946
uxlink,2025-10-11 00:00:00-04:00,0.12022
vai,2025-10-11 00:00:00-04:00,0.9989329545156848
vana,2025-10-11 00:00:00-04:00,2.648
vana,2025-10-11 00:00:00-04:00,2.6511350552831168
vanry,2025-10-11 00:00:00-04:00,0.01761
vanry,2025-10-11 00:00:00-04:00,0.0179
vanry,2025-10-11 00:00:00-04:00,0.017722174470182355
vara,2025-10-11 00:00:00-04:00,0.00193
velodrome,2025-10-11 00:00:00-04:00,0.03291
velodrome,2025-10-11 00:00:00-04:00,0.0329
velodrome,2025-10-11 00:00:00-04:00,0.03282997550426023
velo,2025-10-11 00:00:00-04:00,0.009743234699795197
vemp,2025-10-11 00:00:00-04:00,0.000495049752649953
venom,2025-10-11 00:00:00-04:00,0.12046
vet3l,2025-10-11 00:00:00-04:00,0.001349
vet3s,2025-10-11 00:00:00-04:00,0.0527
vet,2025-10-11 00:00:00-04:00,0.01677
vet,2025-10-11 00:00:00-04:00,0.01678
vet,2025-10-11 00:00:00-04:00,0.016768470353241693
vgx,2025-10-11 00:00:00-04:00,0.0010113
vic,2025-10-11 00:00:00-04:00,0.14704304811724167
vine,2025-10-11 00:00:00-04:00,0.03797
vine,2025-10-11 00:00:00-04:00,0.03802284676074829
vinu,2025-10-11 00:00:00-04:00,1.2570724579694978e-08
virtual,2025-10-11 00:00:00-04:00,0.7065031096968847
virtual,2025-10-11 00:00:00-04:00,0.7068236608930281
virtual,2025-10-11 00:00:00-04:00,0.705642965329454
vision,2025-10-11 00:00:00-04:00,0.0002916
volt,2025-10-11 00:00:00-04:00,1.316e-07
voxel,2025-10-11 00:00:00-04:00,0.0359
voxel,2025-10-11 00:00:00-04:00,0.03587
vra,2025-10-11 00:00:00-04:00,0.000806
vra,2025-10-11 00:00:00-04:00,0.0008104408118638788
vrtx,2025-10-11 00:00:00-04:00,0.0062
vr,2025-10-11 00:00:00-04:00,0.004755
vr,2025-10-11 00:00:00-04:00,0.004730706422202861
vsys,2025-10-11 00:00:00-04:00,0.0003069
vtho,2025-10-11 00:00:00-04:00,0.001161
vtho,2025-10-11 00:00:00-04:00,0.001161
vvaifu,2025-10-11 00:00:00-04:00,0.001296
vvv,2025-10-11 00:00:00-04:00,1.55
vvv,2025-10-11 00:00:00-04:00,1.5428238864415076
wal,2025-10-11 00:00:00-04:00,0.22199
wal,2025-10-11 00:00:00-04:00,0.2216274147542578
wan,2025-10-11 00:00:00-04:00,0.07004469094662877
waves,2025-10-11 00:00:00-04:00,0.7809
waves,2025-10-11 00:00:00-04:00,0.7783454946774453
waxl,2025-10-11 00:00:00-04:00,0.1937
waxl,2025-10-11 00:00:00-04:00,0.19501
waxp,2025-10-11 00:00:00-04:00,0.013060733883508655
wbcoin,2025-10-11 00:00:00-04:00,335.4013435735432
wbeth,2025-10-11 00:00:00-04:00,4013.32
wbtc,2025-10-11 00:00:00-04:00,112417.58812578346
wbtc,2025-10-11 00:00:00-04:00,110636.0
wbtc,2025-10-11 00:00:00-04:00,110646.53884890178
wcfg,2025-10-11 00:00:00-04:00,0.212
wct,2025-10-11 00:00:00-04:00,0.15403
wct,2025-10-11 00:00:00-04:00,0.1529
wct,2025-10-11 00:00:00-04:00,0.15269319694097208
weeth,2025-10-11 00:00:00-04:00,4046.7147037702275
well,2025-10-11 00:00:00-04:00,0.018648
well,2025-10-11 00:00:00-04:00,0.01861
wemix,2025-10-11 00:00:00-04:00,0.5617154093728607
wen,2025-10-11 00:00:00-04:00,2.546e-05
wen,2025-10-11 00:00:00-04:00,2.5552082781375818e-05
weth,2025-10-11 00:00:00-04:00,3827.7214486032963
weth,2025-10-11 00:00:00-04:00,3750.7393981825753
weth,2025-10-11 00:00:00-04:00,3746.0692859420246
wif,2025-10-11 00:00:00-04:00,0.481
wif,2025-10-11 00:00:00-04:00,0.48021574778448745
wif,2025-10-11 00:00:00-04:00,0.4799752357948406
wild,2025-10-11 00:00:00-04:00,0.2193597580024835
wing,2025-10-11 00:00:00-04:00,0.0939
win,2025-10-11 00:00:00-04:00,4.102e-05
win,2025-10-11 00:00:00-04:00,4.06845166412751e-05
wlddown,2025-10-11 00:00:00-04:00,0.1147
wld,2025-10-11 00:00:00-04:00,0.921
wld,2025-10-11 00:00:00-04:00,0.9167751322751323
wld,2025-10-11 00:00:00-04:00,0.9163909509756856
wlkn,2025-10-11 00:00:00-04:00,0.0004586
wlth,2025-10-11 00:00:00-04:00,0.005923
wmtx,2025-10-11 00:00:00-04:00,0.17223302876791974
wnxm,2025-10-11 00:00:00-04:00,83.80507874015748
wod,2025-10-11 00:00:00-04:00,0.037744529461077
woo,2025-10-11 00:00:00-04:00,0.042
woo,2025-10-11 00:00:00-04:00,0.04200210398982555
wsdm,2025-10-11 00:00:00-04:00,0.0010455154415820048
wsteth,2025-10-11 00:00:00-04:00,4652.833914934364
wsteth,2025-10-11 00:00:00-04:00,4539.3096813623415
w,2025-10-11 00:00:00-04:00,0.07271
w,2025-10-11 00:00:00-04:00,0.0726
w,2025-10-11 00:00:00-04:00,0.07260111023589427
wxt,2025-10-11 00:00:00-04:00,0.027525914270114596
x33,2025-10-11 00:00:00-04:00,10.88178125588143
xai,2025-10-11 00:00:00-04:00,0.02590579556412729
xaut:,2025-10-11 00:00:00-04:00,4017.2
xaut,2025-10-11 00:00:00-04:00,4012.2729783989166
xava,2025-10-11 00:00:00-04:00,0.22566547969393763
xcad,2025-10-11 00:00:00-04:00,0.01655387319406309
xch,2025-10-11 00:00:00-04:00,7.079573844244501
xcn,2025-10-11 00:00:00-04:00,0.00983
xcn,2025-10-11 00:00:00-04:00,0.0098387
xcn,2025-10-11 00:00:00-04:00,0.009808316151939648
xcv,2025-10-11 00:00:00-04:00,0.0008709244738271765
xdb,2025-10-11 00:00:00-04:00,0.0004356
xdc,2025-10-11 00:00:00-04:00,0.064304
xdc,2025-10-11 00:00:00-04:00,0.0642375556630237
xec,2025-10-11 00:00:00-04:00,1.4250947409255117e-05
xem,2025-10-11 00:00:00-04:00,0.0012549033315813844
xen,2025-10-11 00:00:00-04:00,3.279e-08
xion,2025-10-11 00:00:00-04:00,0.6420672487002941
xlm,2025-10-11 00:00:00-04:00,0.3233663075592254
xlm,2025-10-11 00:00:00-04:00,0.3232649077468598
xlm,2025-10-11 00:00:00-04:00,0.3228772805564498
xmr,2025-10-11 00:00:00-04:00,298.99013159321663
xmr,2025-10-11 00:00:00-04:00,299.04654855039115
xmr,2025-10-11 00:00:00-04:00,298.81126571700446
xno,2025-10-11 00:00:00-04:00,0.6323143123116173
xoxo,2025-10-11 00:00:00-04:00,0.0008742025550398623
xprt,2025-10-11 00:00:00-04:00,0.0234
xpr,2025-10-11 00:00:00-04:00,0.005101172869273637
xrd,2025-10-11 00:00:00-04:00,0.002770202676430542
xrp,2025-10-11 00:00:00-04:00,2.3844179613091554
xrp,2025-10-11 00:00:00-04:00,2.384893402397493
xrp,2025-10-11 00:00:00-04:00,2.381832496647772
xrt,2025-10-11 00:00:00-04:00,1.96
xr,2025-10-11 00:00:00-04:00,0.011499480302866162
xsgd,2025-10-11 00:00:00-04:00,0.769037475211967
xtag,2025-10-11 00:00:00-04:00,0.00995
xter,2025-10-11 00:00:00-04:00,0.062269006935935386
xtm,2025-10-11 00:00:00-04:00,0.002702
xtz,2025-10-11 00:00:00-04:00,0.5796
xtz,2025-10-11 00:00:00-04:00,0.5794
xtz,2025-10-11 00:00:00-04:00,0.5794954524819075
xusdarb,2025-10-11 00:00:00-04:00,0.999970644132744
x,2025-10-11 00:00:00-04:00,5.11245893810281e-05
xusd,2025-10-11 00:00:00-04:00,0.9986316872427983
xvg,2025-10-11 00:00:00-04:00,0.005420837514037468
xvs,2025-10-11 00:00:00-04:00,4.978049428498357
xym,2025-10-11 00:00:00-04:00,0.005537
xyo,2025-10-11 00:00:00-04:00,0.00752
xyo,2025-10-11 00:00:00-04:00,0.007491733486403061
xyro,2025-10-11 00:00:00-04:00,0.0008003283971875594
yfii,2025-10-11 00:00:00-04:00,64.64
yfi,2025-10-11 00:00:00-04:00,4694.0
yfi,2025-10-11 00:00:00-04:00,4692.966056812711
ygg,2025-10-11 00:00:00-04:00,0.1126
ygg,2025-10-11 00:00:00-04:00,0.1123
ygg,2025-10-11 00:00:00-04:00,0.11217649248988865
yuli,2025-10-11 00:00:00-04:00,0.000136
yu,2025-10-11 00:00:00-04:00,0.9999915138079741
zbcn,2025-10-11 00:00:00-04:00,0.004039099712541672
zbu,2025-10-11 00:00:00-04:00,1.6888500000000002
zcx,2025-10-11 00:00:00-04:00,0.01433
zec,2025-10-11 00:00:00-04:00,291.6
zec,2025-10-11 00:00:00-04:00,290.97903927106614
zelix,2025-10-11 00:00:00-04:00,1.588e-05
zen,2025-10-11 00:00:00-04:00,13.139
zen,2025-10-11 00:00:00-04:00,13.144830630727052
zerc,2025-10-11 00:00:00-04:00,0.0153
zerebro,2025-10-11 00:00:00-04:00,0.04103329863479708
zero,2025-10-11 00:00:00-04:00,2.64878540812516e-05
zetachain,2025-10-11 00:00:00-04:00,0.1118
zeta,2025-10-11 00:00:00-04:00,0.1124
zeta,2025-10-11 00:00:00-04:00,0.1122197993621766
zeus,2025-10-11 00:00:00-04:00,0.08840369988677275
zex,2025-10-11 00:00:00-04:00,0.08113
zil,2025-10-11 00:00:00-04:00,0.00765
zil,2025-10-11 00:00:00-04:00,0.007619999999999999
zkj,2025-10-11 00:00:00-04:00,0.078138513419171
zkl,2025-10-11 00:00:00-04:00,0.010283141755014161
zk,2025-10-11 00:00:00-04:00,0.04051
zk,2025-10-11 00:00:00-04:00,0.04051
zk,2025-10-11 00:00:00-04:00,0.04361470900643216
znd,2025-10-11 00:00:00-04:00,0.194
zora,2025-10-11 00:00:00-04:00,0.07831
zora,2025-10-11 00:00:00-04:00,0.07815056214835236
zpay,2025-10-11 00:00:00-04:00,0.00309
zrc,2025-10-11 00:00:00-04:00,0.014898102613234751
zro,2025-10-11 00:00:00-04:00,1.7311133492291424
zro,2025-10-11 00:00:00-04:00,1.732
zro,2025-10-11 00:00:00-04:00,1.7284352874932918
zrx,2025-10-11 00:00:00-04:00,0.193098
zrx,2025-10-11 00:00:00-04:00,0.19273097994540653
